{
	"1635050": "Salon / foire",
	"23780": "Centre de ski de fond",
	"373351063": "Ville",
	"5358354": "Station touristique",
	"409332": "Festival / événement",
	"409965": "Réserve faunique",
	"23820": "Centre de ski alpin",
	"409992": "Belvédère",
	"23808": "Jardin",
	"409954": "Casino / hippodrome",
	"410000": "Caverne / grotte",
	"1643783": "Manifestation sportive",
	"23782": "Centre sportif / récréatif",
	"410060": "Entreprise de tourisme d'aventure et de plein air",
	"409956": "Spa",
	"409996": "Patinoire",
	"23826": "Parc aquatique",
	"23810": "Observatoire / planétarium",
	"23788": "Musée / site historique",
	"409998": "Piste / sentier",
	"23806": "Compagnie de croisière",
	"181631857": "Grande exposition",
	"207317909": "Croisière",
	"23836": "Visite en entreprise",
	"23828": "Jardin zoologique / aquarium",
	"23818": "Visite guidée",
	"410028": "Route / circuit touristique",
	"43526558": "Centre de pêche sous la glace",
	"23879": "Ferme agrotouristique",
	"20026193": "Parcours / jeu d'aventure",
	"23790": "Parc national du Canada",
	"409994": "Site thématique",
	"23822": "Centre équestre",
	"409982": "Centre / galerie d'art",
	"409967": "Réserve nationale de faune",
	"409990": "Glissoire d'hiver",
	"409963": "Parc national du Québec",
	"23792": "Plage",
	"23840": "Golf",
	"409950": "Cabane à sucre",
	"23824": "Edifice / site religieux",
	"23830": "Parc régional / municipal",
	"409986": "Autodrome / centre de karting"
}