{
	"beaux-arts": {
		"musee": ["Galerie d'art", "Grande exposition", "Musée"],
		"public_art": ["Arts décoratifs", "Beaux-arts", "Sculpture"]
	},
	"places": {
		"aeroport": ["Aéroport"],
		"bibliotheque": ["Bibliothèque"],
		"citysquare": ["Squares"],
		"commercial": ["Centre commercial", "Centre de conférence et congrès", "Salon"],
		"education": ["Collège", "Université"],
		"ferme": ["Ferme agrotouristique"],
		"gouvernemental": ["Ambassades", "Consulats", "Hôtels de ville", "Édifice fédéral", "Édifice municipal", "Édifice provincial"],
		"hotel": ["Hôtels"],
		"medical": ["Centre hospitalier"],
		"observatoire": ["Observatoire"],
		"planetarium": ["Planétarium"],
		"tourisme": ["Croisière", "Visite guidée"],
		"viewpoint": ["Belvédère"]
	},
	"parks": {
		"caverne": ["Caverne", "Grotte"],
		"foret": ["Parc national", "Parc récréatif", "Parc régional", "Réserve faunique", "Réserve nationale de faune"],
		"hiking": ["Piste", "Sentier"],
		"lac": ["Autres étendues d'eau", "Baie", "Lac"],
		"parc": ["Autre parc", "Grand parc", "Jardin", "Parc municipal", "Parc-nature", "Parcs urbains", "Patinoire"],
		"peche": ["Centre de pêche sous la glace"],
		"piscine": ["Jeu d'eau", "Jeux d'eau", "Pataugeoire", "Piscine"],
		"plage": ["Plage"],
		"river": ["Rivière", "Ruisseau"],
		"zoo": ["Aquarium", "Jardin zoologique"]
	},
	"patrimony": {
		"batiment": ["Aqueducs", "Barrage", "Camps forestiers", "Forges", "Gares", "Lieux commémoratifs", "Monuments", "Phares", "Place du marché", "Site historique", "Site patrimonial"],
		"maison": ["Magasins généraux", "Maisons de colonisation", "Maisons rurales et urbaines", "Villas"],
		"eglise": ["Église", "Chapelles", "Cimetières", "Couvents", "Lieu de culte", "Monastères", "Mosquées", "Presbytères", "Synagogues", "Temples"],
		"spirituel": ["Chemins de croix", "Croix de chemin", "Sanctuaires", "Site religieux", "Séminaires"],
		"unesco": ["Unesco"]
	},
	"entertainment": {
		"casino": ["Casino"],
		"centre": ["Centre récréatif", "Festival", "Foire", "Glissoire d'hiver", "Parc aquatique", "Site thématique"],
		"cinema": ["Cinéma"],
		"marina": ["Marina"],
		"racing": ["Autodrome", "Centre de karting"],
		"restaurant": ["Cabane à sucre", "Restaurants"],
		"ski": ["Centre de ski alpin", "Centre de ski de fond", "Station touristique"],
		"sport": ["Aréna", "Centre sportif", "Centre équestre", "Golf", "Gymnases", "Manifestation sportive", "Tennis"],
		"theatre": ["Salle de spectacle", "Théâtre"]
	}
}