{
	"beaux-arts": {
		"musee": ["Galerie d'art", "Grande exposition", "Musée"],
		"public_art": ["Arts décoratifs", "Beaux-arts", "Sculpture"]
	},
	"places": {
		"aeroport": ["Aéroport"],
		"bibliotheque": ["Bibliothèque"],
		"citysquare": ["Squares"],
		"commercial": ["Centre commercial", "Centre de conférence et congrès", "Salon"],
		"education": ["Collège", "Université"],
		"ferme": ["Ferme agrotouristique"],
		"gouvernemental": ["Ambassades", "Consulats", "Hôtels de ville", "Édifice fédéral", "Édifice municipal", "Édifice provincial"],
		"hotel": ["Hôtels"],
		"medical": ["Centre hospitalier"],
		"observatoire": ["Observatoire"],
		"planetarium": ["Planétarium"],
		"tourisme": ["Croisière", "Visite guidée"],
		"viewpoint": ["Belvédère"]
	},
	"parks": {
		"caverne": ["Caverne", "Grotte"],
		"foret": ["Parc national", "Réserve faunique", "Réserve nationale de faune"],
		"hiking": ["Piste", "Sentier"],
		"lac": ["Autres étendues d'eau", "Baie", "Lac"],
		"parc": ["Autre parc", "Grand parc", "Jardin", "Parc municipal", "Parc-nature", "Parc récréatif", "Parc régional", "Parcs urbains"],
		"patin": ["Aréna", "Patinoire"],
		"peche": ["Centre de pêche sous la glace"],
		"piscine": ["Jeu d'eau", "Jeux d'eau", "Pataugeoire", "Piscine"],
		"plage": ["Plage"],
		"river": ["Canal", "Rivière", "Ruisseau"],
		"zoo": ["Aquarium", "Jardin zoologique"]
	},
	"patrimony": {
		"batiment": ["Académie", "Aménagement", "Aqueduc", "Banque", "Barrage", "Bataille", "Bateau", "Bâtiment", "Batterie", "Bibliothèque", "Camps forestiers", "Canal", "Caserne", "Centrale", "Centre", "Chantier", "Cinéma", "Citadelle", "College", "Commerce", "Conservatoire", "Conserverie", "Construction", "Défense", "Dépôt", "Dispensaire", "Distillerie", "Édifice", "Épave", "Établissement", "Ferme", "Fonderie", "Forge", "Fort", "Gare", "Hall", "Hangar", "Hôpital", "Hôtel", "Installation", "Institution", "Jardin", "Lieu historique", "Lieux commémoratifs", "Manège", "Marché", "Monument", "Moulin", "Musée", "Navire", "Observatoire", "Parlement", "Pavillon", "Pénitencier", "Pensionnat", "Phare", "Pont", "Port", "Poste", "Prison", "Quai", "Quartier", "Ranch", "S.S.", "Site", "Station", "Studio", "Théâtre", "Urbain", "Vestiges"],
		"maison": ["Appartement", "Arrondissement", "Base navale", "Blockhaus", "Castle", "Chalet", "Cottage", "Domaine", "École", "Habitation", "Homestead", "Magasin", "Maison", "Manoir", "Palais", "Propriété", "Refuge", "Résidence", "Résidentiel", "Villa"],
		"eglise": ["Basilique", "Église", "Cathédrale", "Chapelle", "Cimetière", "Couvent", "Lieu de culte", "Monastère", "Mosquée", "Presbytère", "Sanctuaire", "Site religieux", "Synagogue", "Temple"],
		"spirituel": ["Chemins de croix", "Croix de chemin", "Esprit", "Funéraire", "Lieu de rassemblement", "Mission", "Sacré", "Séminaire", "Sépulture"],
		"unesco": ["Unesco"]
	},
	"entertainment": {
		"casino": ["Casino"],
		"centre": ["Centre récréatif", "Festival", "Foire", "Glissoire d'hiver", "Parc aquatique", "Site thématique"],
		"cinema": ["Cinéma"],
		"marina": ["Marina"],
		"racing": ["Autodrome", "Centre de karting"],
		"restaurant": ["Cabane à sucre", "Restaurants"],
		"ski": ["Centre de ski alpin", "Centre de ski de fond", "Station touristique"],
		"sport": ["Centre sportif", "Centre équestre", "Golf", "Gymnases", "Manifestation sportive", "Tennis"],
		"theatre": ["Salle de spectacle", "Théâtre"]
	}
}