[{
    "NO_OUVRAGE": 215,
    "NOM": "CROIX DU MONT-ROYAL",
    "x": 297931.97941375,
    "y": 5040996.027761,
    "LONG": -73.587896,
    "LAT": 45.508851
  },
  {
    "NO_OUVRAGE": 933,
    "NOM": "MONUMENT LOUIS RUBINSTEIN (PC J.-MANCE)",
    "x": 297852.17692705,
    "y": 5041887.5038277,
    "LONG": -73.58893,
    "LAT": 45.516872
  },
  {
    "NO_OUVRAGE": 963,
    "NOM": "MONUMENT FRERE MARIE VICTORIN",
    "x": 300438.17341559,
    "y": 5046375.7571414,
    "LONG": -73.55587,
    "LAT": 45.55728
  },
  {
    "NO_OUVRAGE": 1642,
    "NOM": "LES GRAMINÉES DU JARDIN SAINT-SULPICE",
    "x": 293748.06907102,
    "y": 5046619.920714,
    "LONG": -73.641568,
    "LAT": 45.559403
  },
  {
    "NO_OUVRAGE": 1643,
    "NOM": "LIMITE TEMPS",
    "x": 292150.19645842,
    "y": 5047909.96526,
    "LONG": -73.662069,
    "LAT": 45.570984
  },
  {
    "NO_OUVRAGE": 1644,
    "NOM": "TRIPTYQUE SUR LE PAYSAGE",
    "x": 292182.80206358,
    "y": 5048405.4430954,
    "LONG": -73.661664,
    "LAT": 45.575443
  },
  {
    "NO_OUVRAGE": 1645,
    "NOM": "BUSTE DU DR. JOSÉ P. RIZAL",
    "x": 294320.02400983,
    "y": 5039018.7868703,
    "LONG": -73.634079,
    "LAT": 45.491014
  },
  {
    "NO_OUVRAGE": 1646,
    "NOM": "NEF POUR QUATORZE REINES",
    "x": 295596.20393158,
    "y": 5039563.0994204,
    "LONG": -73.617762,
    "LAT": 45.49593
  },
  {
    "NO_OUVRAGE": 1647,
    "NOM": "ASHAPMOUCHOUAN",
    "x": 298047.51361853,
    "y": 5042997.3709786,
    "LONG": -73.586445,
    "LAT": 45.526861
  },
  {
    "NO_OUVRAGE": 1648,
    "NOM": "HOMMAGE À CLAUDE JUTRA",
    "x": 299100.65899346,
    "y": 5041470.8336007,
    "LONG": -73.572945,
    "LAT": 45.513134
  },
  {
    "NO_OUVRAGE": 1649,
    "NOM": "HOMMAGE À MIHAI EMINESCU, POÈTE ROUMAIN",
    "x": 298826.27866062,
    "y": 5041655.7914572,
    "LONG": -73.576459,
    "LAT": 45.514796
  },
  {
    "NO_OUVRAGE": 1650,
    "NOM": "LES LEÇONS SINGULIÈRES (VOLET 1)",
    "x": 299304.8543796,
    "y": 5042404.7037602,
    "LONG": -73.570342,
    "LAT": 45.521539
  },
  {
    "NO_OUVRAGE": 1651,
    "NOM": "MONUMENT À ÉMILE-NELLIGAN",
    "x": 299363.27722335,
    "y": 5041939.7988764,
    "LONG": -73.569589,
    "LAT": 45.517356
  },
  {
    "NO_OUVRAGE": 1652,
    "NOM": "NEUF COULEURS AU VENT",
    "x": 299659.15267561,
    "y": 5042434.7466607,
    "LONG": -73.565807,
    "LAT": 45.521812
  },
  {
    "NO_OUVRAGE": 1653,
    "NOM": "TANGO DE MONTRÉAL",
    "x": 298444.4227307,
    "y": 5042704.3526895,
    "LONG": -73.58136,
    "LAT": 45.524228
  },
  {
    "NO_OUVRAGE": 1654,
    "NOM": "ÉPISODE",
    "x": 300228.65786367,
    "y": 5046731.8615212,
    "LONG": -73.558557,
    "LAT": 45.560483
  },
  {
    "NO_OUVRAGE": 1655,
    "NOM": "LA SOURCE",
    "x": 295596.05546184,
    "y": 5043877.4259426,
    "LONG": -73.617845,
    "LAT": 45.534752
  },
  {
    "NO_OUVRAGE": 1656,
    "NOM": "REGARDER LES POMMETIERS",
    "x": 300213.75315117,
    "y": 5046740.2123274,
    "LONG": -73.558748,
    "LAT": 45.560558
  },
  {
    "NO_OUVRAGE": 1657,
    "NOM": "TEMPS D'ARRÊT",
    "x": 297559.03166839,
    "y": 5045462.2589487,
    "LONG": -73.592735,
    "LAT": 45.549036
  },
  {
    "NO_OUVRAGE": 1658,
    "NOM": "LE VILLAGE IMAGINÉ",
    "x": 300112.70299462,
    "y": 5037282.26922,
    "LONG": -73.559952,
    "LAT": 45.475451
  },
  {
    "NO_OUVRAGE": 1659,
    "NOM": "LES ALLUSIFS",
    "x": 298902.93853777,
    "y": 5037683.4679533,
    "LONG": -73.57543,
    "LAT": 45.479052
  },
  {
    "NO_OUVRAGE": 1660,
    "NOM": "MONUMENT À LA POINTE",
    "x": 299060.78661923,
    "y": 5037343.0450876,
    "LONG": -73.573407,
    "LAT": 45.47599
  },
  {
    "NO_OUVRAGE": 1661,
    "NOM": "SUBLIME",
    "x": 300403.35726092,
    "y": 5037565.2165369,
    "LONG": -73.556237,
    "LAT": 45.477999
  },
  {
    "NO_OUVRAGE": 1662,
    "NOM": "BUSTE DE JOSE DE SAN MARTIN",
    "x": 298477.16030897,
    "y": 5038829.9686411,
    "LONG": -73.580891,
    "LAT": 45.489365
  },
  {
    "NO_OUVRAGE": 1663,
    "NOM": "CONTAINED UNIVERSE",
    "x": 302670.95213791,
    "y": 5040929.1813074,
    "LONG": -73.527247,
    "LAT": 45.50828
  },
  {
    "NO_OUVRAGE": 1665,
    "NOM": "GRATTE-CIEL, CASCADES, RUISSEAUX...",
    "x": 300095.15882002,
    "y": 5041733.7289816,
    "LONG": -73.560219,
    "LAT": 45.515507
  },
  {
    "NO_OUVRAGE": 1666,
    "NOM": "HOMMAGE À JEAN DRAPEAU",
    "x": 300625.84741869,
    "y": 5040957.9940891,
    "LONG": -73.55342,
    "LAT": 45.50853
  },
  {
    "NO_OUVRAGE": 1667,
    "NOM": "HOMMAGE À JÉROME LE ROYER",
    "x": 300635.21750912,
    "y": 5040953.8736913,
    "LONG": -73.5533,
    "LAT": 45.508493
  },
  {
    "NO_OUVRAGE": 1668,
    "NOM": "LE JARDIN DE LYON",
    "x": 300560.99088608,
    "y": 5041427.8894547,
    "LONG": -73.554254,
    "LAT": 45.512758
  },
  {
    "NO_OUVRAGE": 1670,
    "NOM": "MONUMENT AFTER BABEL / A CIVIC SQUARE",
    "x": 299553.84638644,
    "y": 5041125.4902598,
    "LONG": -73.567141,
    "LAT": 45.51003
  },
  {
    "NO_OUVRAGE": 1671,
    "NOM": "MONUMENT ÉMILIE-GAMELIN",
    "x": 300135.11367745,
    "y": 5041661.7920365,
    "LONG": -73.559707,
    "LAT": 45.51486
  },
  {
    "NO_OUVRAGE": 1672,
    "NOM": "MONUMENT LA VILLE IMAGINAIRE",
    "x": 301857.91533022,
    "y": 5041423.5990404,
    "LONG": -73.537655,
    "LAT": 45.512726
  },
  {
    "NO_OUVRAGE": 1673,
    "NOM": "MONUMENT LA PEUR",
    "x": 300481.84001658,
    "y": 5040166.5076759,
    "LONG": -73.555256,
    "LAT": 45.501407
  },
  {
    "NO_OUVRAGE": 1674,
    "NOM": "OPTIMAX (SISM-64)",
    "x": 297457.30514968,
    "y": 5040136.5247812,
    "LONG": -73.593958,
    "LAT": 45.501112
  },
  {
    "NO_OUVRAGE": 1676,
    "NOM": "PORTE DE JOUR",
    "x": 300817.84354096,
    "y": 5041351.2720577,
    "LONG": -73.550966,
    "LAT": 45.51207
  },
  {
    "NO_OUVRAGE": 1677,
    "NOM": "RÉVOLUTION",
    "x": 300683.61864524,
    "y": 5042674.1397726,
    "LONG": -73.552695,
    "LAT": 45.523973
  },
  {
    "NO_OUVRAGE": 1678,
    "NOM": "ATHÉNA",
    "x": 295091.48104126,
    "y": 5043100.270913,
    "LONG": -73.62429,
    "LAT": 45.527752
  },
  {
    "NO_OUVRAGE": 1679,
    "NOM": "CAESURA",
    "x": 294801.53613039,
    "y": 5044185.0356405,
    "LONG": -73.628024,
    "LAT": 45.537509
  },
  {
    "NO_OUVRAGE": 1680,
    "NOM": "TONNELLES DE LA ROSERAIE",
    "x": 300497.07466185,
    "y": 5046883.366148,
    "LONG": -73.55512,
    "LAT": 45.561848
  },
  {
    "NO_OUVRAGE": 2038,
    "NOM": "CLOCHE DE LA PAIX DU JARDIN JAPONAIS",
    "x": 300101.08936141,
    "y": 5046723.7307362,
    "LONG": -73.560191,
    "LAT": 45.560409
  },
  {
    "NO_OUVRAGE": 2201,
    "NOM": "MONUMENT LE BANC DES AMOUREUX",
    "x": 300248.84150036,
    "y": 5046251.7651708,
    "LONG": -73.558294,
    "LAT": 45.556163
  },
  {
    "NO_OUVRAGE": 2218,
    "NOM": "MONUMENT \" L'OISEAU ",
    "x": 299831.33633555,
    "y": 5046480.4572496,
    "LONG": -73.563644,
    "LAT": 45.558218
  },
  {
    "NO_OUVRAGE": 2220,
    "NOM": "MONUMENT SANS TITRE (BLOC)",
    "x": 299757.80257132,
    "y": 5046785.9067389,
    "LONG": -73.564589,
    "LAT": 45.560966
  },
  {
    "NO_OUVRAGE": 2457,
    "NOM": "LE LION DE LA FEUILLÉE",
    "x": 300456.48468386,
    "y": 5046544.2234058,
    "LONG": -73.555637,
    "LAT": 45.558796
  },
  {
    "NO_OUVRAGE": 2511,
    "NOM": "SCULPTURE \" LA FEMME AU COLLIER ",
    "x": 300357.09243943,
    "y": 5046645.0931442,
    "LONG": -73.556911,
    "LAT": 45.559703
  },
  {
    "NO_OUVRAGE": 3515,
    "NOM": "REMISE  (MUSÉE) (LCH)",
    "x": 291785.81046822,
    "y": 5032323.2704586,
    "LONG": -73.666324,
    "LAT": 45.430722
  },
  {
    "NO_OUVRAGE": 3517,
    "NOM": "LAITERIE (MUSÉE) (LCH)",
    "x": 291772.09351366,
    "y": 5032200.8286376,
    "LONG": -73.666496,
    "LAT": 45.42962
  },
  {
    "NO_OUVRAGE": 5288,
    "NOM": "LOCATION SOCLE / MÉTRO PLACE ST-HENRI",
    "x": 298029.6065179,
    "y": 5037472.8676212,
    "LONG": -73.586598,
    "LAT": 45.477149
  }
]