{
  "type": "FeatureCollection",
  "crs": { "type": "name", "properties": { "name": "urn:ogc:def:crs:OGC:1.3:CRS84" } },

  "features": [
    { "type": "Feature", "properties": { "id": 1, "fichier": "MU-CentreSaintReneGoupil.jpg", "artiste": "Yannick Picard", "organisation": "MU", "adresse": "4105, 47e rue (coin Pie IX)", "annee": 2007, "programme_entente": "Programme graffitis et murales", "latitude": 45.580410, "longitude": -73.622218, "image": "http:\/\/depot.ville.montreal.qc.ca\/murales\/MU-CentreSaintReneGoupil.jpg" }, "geometry": { "type": "Point", "coordinates": [ -73.622218, 45.58041 ] } },
    { "type": "Feature", "properties": { "id": 2, "fichier": "CDU-MissionOldBrewery–40eExpo67.jpg", "artiste": "Simon Bachand et Jasmin Guérard-Alie", "organisation": "Corporation de développement urbain Faubourg Saint-Laurent", "adresse": "coin des rues Saint-Laurent et Viger", "annee": 2007, "programme_entente": "Programme graffitis et murales", "latitude": 45.506855, "longitude": -73.558029, "image": "http:\/\/depot.ville.montreal.qc.ca\/murales\/CDU-MissionOldBrewery–40eExpo67.jpg" }, "geometry": { "type": "Point", "coordinates": [ -73.558029, 45.506855 ] } },
    { "type": "Feature", "properties": { "id": 3, "fichier": "MU-PrinceArthur-DeBullion.jpg", "artiste": "Carlito Dalceggio", "organisation": "MU", "adresse": "3 601, rue De Bullion (coin Prince-Arthur)", "annee": 2008, "programme_entente": "Programme graffitis et murales", "latitude": 45.515387, "longitude": -73.571347, "image": "http:\/\/depot.ville.montreal.qc.ca\/murales\/MU-PrinceArthur-DeBullion.jpg" }, "geometry": { "type": "Point", "coordinates": [ -73.571347, 45.515387 ] } },
    { "type": "Feature", "properties": { "id": 4, "fichier": "MU-Murale-7255Lajeunesse-Villeray_S.jpg", "artiste": "Dominique Desbiens", "organisation": "MU", "adresse": "7255, Lajeunesse (coin Jean-Talon)", "annee": 2008, "programme_entente": "Programme graffitis et murales", "latitude": 45.539966, "longitude": -73.614816, "image": "http:\/\/depot.ville.montreal.qc.ca\/murales\/MU-Murale-7255Lajeunesse-Villeray_S.jpg" }, "geometry": { "type": "Point", "coordinates": [ -73.614816, 45.539966 ] } },
    { "type": "Feature", "properties": { "id": 5, "fichier": "MU-Bouillonsculture-YannickPicard.jpg", "artiste": "Yannick Picard", "organisation": "MU", "adresse": "8090, rue des Érables", "annee": 2008, "programme_entente": "Programme graffitis et murales", "latitude": 45.555841, "longitude": -73.616364, "image": "http:\/\/depot.ville.montreal.qc.ca\/murales\/MU-Bouillonsculture-YannickPicard.jpg" }, "geometry": { "type": "Point", "coordinates": [ -73.616364, 45.555841 ] } },
    { "type": "Feature", "properties": { "id": 6, "fichier": "CDU-ClubSoda.jpg", "artiste": "Simon Bachand et Jasmin Guérard-Alie", "organisation": "Corporation de développement urbain Faubourg Saint-Laurent", "adresse": "coin des rues Sainte-Catherine et Saint-Dominique", "annee": 2008, "programme_entente": "Programme graffitis et murales", "latitude": 45.510131, "longitude": -73.563033, "image": "http:\/\/depot.ville.montreal.qc.ca\/murales\/CDU-ClubSoda.jpg" }, "geometry": { "type": "Point", "coordinates": [ -73.563033, 45.510131 ] } },
    { "type": "Feature", "properties": { "id": 7, "fichier": "SDCVillage-HotelBourbon.jpg", "artiste": "Jasmin Guérard-Alie et Simon Bachand", "organisation": "SDC du Village", "adresse": "coin des rues Sainte-Catherine et Champlain", "annee": 2008, "programme_entente": "Programme graffitis et murales", "latitude": 45.521590, "longitude": -73.552993, "image": "http:\/\/depot.ville.montreal.qc.ca\/murales\/SDCVillage-HotelBourbon.jpg" }, "geometry": { "type": "Point", "coordinates": [ -73.552993, 45.52159 ] } },
    { "type": "Feature", "properties": { "id": 8, "fichier": "r_MU_HJM_2009_Winter_Haze_Final_03_XS2.jpg", "artiste": "Phillip Adams et David Guinn", "organisation": "MU", "adresse": "235-255, rue de Maisonneuve Est", "annee": 2009, "programme_entente": "Programme graffitis et murales", "latitude": 45.512805, "longitude": -73.563467, "image": "http:\/\/depot.ville.montreal.qc.ca\/murales\/r_MU_HJM_2009_Winter_Haze_Final_03_XS2.jpg" }, "geometry": { "type": "Point", "coordinates": [ -73.563467, 45.512805 ] } },
    { "type": "Feature", "properties": { "id": 9, "fichier": "CHJM_MURAL1.jpg", "artiste": "Phillip Adams et David Guinn", "organisation": "MU", "adresse": "123-143, rue de Maisonneuve Est", "annee": 2009, "programme_entente": "Programme graffitis et murales", "latitude": 45.511845, "longitude": -73.564395, "image": "http:\/\/depot.ville.montreal.qc.ca\/murales\/CHJM_MURAL1.jpg" }, "geometry": { "type": "Point", "coordinates": [ -73.564395, 45.511845 ] } },
    { "type": "Feature", "properties": { "id": 10, "fichier": "SPAG_Vittorio.jpg", "artiste": "Laurent Gascon", "organisation": "Société pour Promouvoir les Arts Gigantesques (SPAG)", "adresse": "coin des rues Ontario et Florian", "annee": 2009, "programme_entente": "Programme graffitis et murales", "latitude": 45.537347, "longitude": -73.550230, "image": "http:\/\/depot.ville.montreal.qc.ca\/murales\/SPAG_Vittorio.jpg" }, "geometry": { "type": "Point", "coordinates": [ -73.55023, 45.537347 ] } },
    { "type": "Feature", "properties": { "id": 11, "fichier": "SPAG-PaulBuissonneau.jpg", "artiste": "Laurent Gascon", "organisation": "Société pour Promouvoir les Arts Gigantesques (SPAG)", "adresse": "coin des rues Ontario Est et Beaudry", "annee": 2010, "programme_entente": "Programme graffitis et murales", "latitude": 45.521528, "longitude": -73.562318, "image": "http:\/\/depot.ville.montreal.qc.ca\/murales\/SPAG-PaulBuissonneau.jpg" }, "geometry": { "type": "Point", "coordinates": [ -73.562318, 45.521528 ] } },
    { "type": "Feature", "properties": { "id": 12, "fichier": "MJE-EcoleDalbeViau.jpg", "artiste": "Jasmin Guérard-Alie et Simon Bachand", "organisation": "Maison des Jeunes l'Escalier de Lachine", "adresse": "740, rue Esther Blondin, Lachine", "annee": 2010, "programme_entente": "Programme graffitis et murales", "latitude": 45.443011, "longitude": -73.682013, "image": "http:\/\/depot.ville.montreal.qc.ca\/murales\/MJE-EcoleDalbeViau.jpg" }, "geometry": { "type": "Point", "coordinates": [ -73.682013, 45.443011 ] } },
    { "type": "Feature", "properties": { "id": 13, "fichier": "MU-HabitationsJM-2010.jpg", "artiste": "Phillip Adams et David Guinn", "organisation": "MU", "adresse": "144-154, boulevard de Maisonneuve Est", "annee": 2010, "programme_entente": "Programme graffitis et murales", "latitude": 45.511600, "longitude": -73.563716, "image": "http:\/\/depot.ville.montreal.qc.ca\/murales\/MU-HabitationsJM-2010.jpg" }, "geometry": { "type": "Point", "coordinates": [ -73.563716, 45.5116 ] } },
    { "type": "Feature", "properties": { "id": 14, "fichier": "MU_Parc-Extension-2010.jpg", "artiste": "Annie Hamel", "organisation": "MU", "adresse": "440, avenue Ball", "annee": 2010, "programme_entente": "Programme graffitis et murales", "latitude": 45.531916, "longitude": -73.631461, "image": "http:\/\/depot.ville.montreal.qc.ca\/murales\/MU_Parc-Extension-2010.jpg" }, "geometry": { "type": "Point", "coordinates": [ -73.631461, 45.531916 ] } },
    { "type": "Feature", "properties": { "id": 15, "fichier": "r_MU_HJM_2010_SPIRALES_Final_02_XL.jpg", "artiste": "Laurence Petit et Christian Robert de Massy", "organisation": "MU", "adresse": "200, rue Ontario Est", "annee": 2010, "programme_entente": "Programme graffitis et murales", "latitude": 45.513105, "longitude": -73.564676, "image": "http:\/\/depot.ville.montreal.qc.ca\/murales\/r_MU_HJM_2010_SPIRALES_Final_02_XL.jpg" }, "geometry": { "type": "Point", "coordinates": [ -73.564676, 45.513105 ] } },
    { "type": "Feature", "properties": { "id": 16, "fichier": "SPAG-Raymond-Levesque.jpg", "artiste": "Laurent Gascon", "organisation": "Société pour Promouvoir les Arts Gigantesques (SPAG)", "adresse": "1970, rue Ontario Est, entre les rues Dorion et Bordeaux", "annee": 2011, "programme_entente": "Programme graffitis et murales", "latitude": 45.527265, "longitude": -73.558309, "image": "http:\/\/depot.ville.montreal.qc.ca\/murales\/SPAG-Raymond-Levesque.jpg" }, "geometry": { "type": "Point", "coordinates": [ -73.558309, 45.527265 ] } },
    { "type": "Feature", "properties": { "id": 17, "fichier": "PrevCDN-NDG-OurLadyofGrace.jpg", "artiste": "Fluke, Guillaume Lapointe, Antonin Lambert, Dodo et Bruno Rathbone", "organisation": "Prévention Côte-des-Neiges-Notre-Dame-de-Grâce", "adresse": "6310, rue Sherbrooke Ouest, coin Madison", "annee": 2011, "programme_entente": "Programme graffitis et murales", "latitude": 45.465684, "longitude": -73.624904, "image": "http:\/\/depot.ville.montreal.qc.ca\/murales\/PrevCDN-NDG-OurLadyofGrace.jpg" }, "geometry": { "type": "Point", "coordinates": [ -73.624904, 45.465684 ] } },
    { "type": "Feature", "properties": { "id": 18, "fichier": "MU_BerriCherrier_Sottolichio.jpg", "artiste": "Rafael Sottolichio", "organisation": "MU", "adresse": "450, rue Cherrier (coin Berri)", "annee": 2011, "programme_entente": "Programme graffitis et murales", "latitude": 45.518726, "longitude": -73.569259, "image": "http:\/\/depot.ville.montreal.qc.ca\/murales\/MU_BerriCherrier_Sottolichio.jpg" }, "geometry": { "type": "Point", "coordinates": [ -73.569259, 45.518726 ] } },
    { "type": "Feature", "properties": { "id": 19, "fichier": "Murale-Lachine2011.jpg", "artiste": "Simon Bachand et Jasmin Guérard-Alie", "organisation": "RUI St-Pierre", "adresse": "183, rue des Érables", "annee": 2011, "programme_entente": "Programme graffitis et murales", "latitude": 45.445690, "longitude": -73.651474, "image": "http:\/\/depot.ville.montreal.qc.ca\/murales\/Murale-Lachine2011.jpg" }, "geometry": { "type": "Point", "coordinates": [ -73.651474, 45.44569 ] } },
    { "type": "Feature", "properties": { "id": 20, "fichier": "MU-HabitationsJM-2011.jpg", "artiste": "Phillip Adams et David Guinn", "organisation": "MU", "adresse": "270-280, boulevard de Maisonneuve Est", "annee": 2011, "programme_entente": "Programme graffitis et murales", "latitude": 45.512799, "longitude": -73.562908, "image": "http:\/\/depot.ville.montreal.qc.ca\/murales\/MU-HabitationsJM-2011.jpg" }, "geometry": { "type": "Point", "coordinates": [ -73.562908, 45.512799 ] } },
    { "type": "Feature", "properties": { "id": 21, "fichier": "MU-ENT-2011.jpg", "artiste": "Richard Morin, Annie Hamel, Florence April-Borgeat, Olivier Roy et Nico", "organisation": "MU", "adresse": "360, rue Laurier Est", "annee": 2011, "programme_entente": "Programme graffitis et murales", "latitude": 45.526440, "longitude": -73.589761, "image": "http:\/\/depot.ville.montreal.qc.ca\/murales\/MU-ENT-2011.jpg" }, "geometry": { "type": "Point", "coordinates": [ -73.589761, 45.52644 ] } },
    { "type": "Feature", "properties": { "id": 22, "fichier": "MU-OscarPeterson.jpg", "artiste": "Gene Pendon et Laurence Petit", "organisation": "MU", "adresse": "1847, terrasse Elgin", "annee": 2011, "programme_entente": "Programme graffitis et murales", "latitude": 45.489436, "longitude": -73.572194, "image": "http:\/\/depot.ville.montreal.qc.ca\/murales\/MU-OscarPeterson.jpg" }, "geometry": { "type": "Point", "coordinates": [ -73.572194, 45.489436 ] } },
    { "type": "Feature", "properties": { "id": 23, "fichier": "MU-HabitationsJM.jpg", "artiste": "Phillip Adams", "organisation": "MU", "adresse": "coin des rues Sanguinet et Émery", "annee": 2012, "programme_entente": "Programme graffitis et murales", "latitude": 45.513933, "longitude": -73.564416, "image": "http:\/\/depot.ville.montreal.qc.ca\/murales\/MU-HabitationsJM.jpg" }, "geometry": { "type": "Point", "coordinates": [ -73.564416, 45.513933 ] } },
    { "type": "Feature", "properties": { "id": 24, "fichier": "MU-PlaceNormandie1.jpg", "artiste": "Arnaud Grégoire", "organisation": "MU", "adresse": "12 631, 6350-6358, 6320-6326, avenue Chartrand", "annee": 2012, "programme_entente": "Programme graffitis et murales", "latitude": 45.623277, "longitude": -73.625152, "image": "http:\/\/depot.ville.montreal.qc.ca\/murales\/MU-PlaceNormandie1.jpg" }, "geometry": { "type": "Point", "coordinates": [ -73.625152, 45.623277 ] } },
    { "type": "Feature", "properties": { "id": 25, "fichier": "MU-PlaceNormandie2.jpg", "artiste": "Arnaud Grégoire", "organisation": "MU", "adresse": "12 631, 6350-6358, 6320-6326, avenue Chartrand", "annee": 2012, "programme_entente": "Programme graffitis et murales", "latitude": 45.623436, "longitude": -73.624837, "image": "http:\/\/depot.ville.montreal.qc.ca\/murales\/MU-PlaceNormandie2.jpg" }, "geometry": { "type": "Point", "coordinates": [ -73.624837, 45.623436 ] } },
    { "type": "Feature", "properties": { "id": 26, "fichier": "MU-PlaceNormandie3.jpg", "artiste": "Arnaud Grégoire", "organisation": "MU", "adresse": "12 631, 6350-6358, 6320-6326, avenue Chartrand", "annee": 2012, "programme_entente": "Programme graffitis et murales", "latitude": 45.622605, "longitude": -73.624465, "image": "http:\/\/depot.ville.montreal.qc.ca\/murales\/MU-PlaceNormandie3.jpg" }, "geometry": { "type": "Point", "coordinates": [ -73.624465, 45.622605 ] } },
    { "type": "Feature", "properties": { "id": 27, "fichier": "MU-PlaceNormandie4.jpg", "artiste": "Jeunes résidents de Place Normandie", "organisation": "MU", "adresse": "12 631, 6350-6358, 6320-6326, avenue Chartrand", "annee": 2012, "programme_entente": "Programme graffitis et murales", "latitude": 45.623151, "longitude": -73.624774, "image": "http:\/\/depot.ville.montreal.qc.ca\/murales\/MU-PlaceNormandie4.jpg" }, "geometry": { "type": "Point", "coordinates": [ -73.624774, 45.623151 ] } },
    { "type": "Feature", "properties": { "id": 28, "fichier": "MU-CentenaireSt-Michel.jpg", "artiste": "Gene Pendon", "organisation": "MU", "adresse": "4201, boulevard Robert", "annee": 2012, "programme_entente": "Programme graffitis et murales", "latitude": 45.576336, "longitude": -73.609746, "image": "http:\/\/depot.ville.montreal.qc.ca\/murales\/MU-CentenaireSt-Michel.jpg" }, "geometry": { "type": "Point", "coordinates": [ -73.609746, 45.576336 ] } },
    { "type": "Feature", "properties": { "id": 29, "fichier": "MU-Vamonos.jpg", "artiste": "René-Pierre Beaudry (Arpi)", "organisation": "MU", "adresse": "2615, rue Notre-Dame Ouest", "annee": 2012, "programme_entente": "Programme graffitis et murales", "latitude": 45.482490, "longitude": -73.576218, "image": "http:\/\/depot.ville.montreal.qc.ca\/murales\/MU-Vamonos.jpg" }, "geometry": { "type": "Point", "coordinates": [ -73.576218, 45.48249 ] } },
    { "type": "Feature", "properties": { "id": 30, "fichier": "PrevCDN-NDG_Ashop2012.jpg", "artiste": "A'Shop", "organisation": "Prévention Côte-des-Neiges-Notre-Dame-de-Grâce", "adresse": "coin des rues Décarie et Sherbrooke", "annee": 2012, "programme_entente": "Programme graffitis et murales", "latitude": 45.474627, "longitude": -73.608797, "image": "http:\/\/depot.ville.montreal.qc.ca\/murales\/PrevCDN-NDG_Ashop2012.jpg" }, "geometry": { "type": "Point", "coordinates": [ -73.608797, 45.474627 ] } },
    { "type": "Feature", "properties": { "id": 31, "fichier": "SPAG-Murale-Marjo.jpg", "artiste": "Laurent Gascon", "organisation": "Société pour Promouvoir les Arts Gigantesques (SPAG)", "adresse": "2222, rue Ontario Est entre les rues Fullum et Parthenais", "annee": 2012, "programme_entente": "Programme graffitis et murales", "latitude": 45.529799, "longitude": -73.555519, "image": "http:\/\/depot.ville.montreal.qc.ca\/murales\/SPAG-Murale-Marjo.jpg" }, "geometry": { "type": "Point", "coordinates": [ -73.555519, 45.529799 ] } },
    { "type": "Feature", "properties": { "id": 32, "fichier": "SODER-Nayan2012.jpg", "artiste": "Nayan", "organisation": "SODER", "adresse": "5776, 2e Avenue (ruelle)", "annee": 2012, "programme_entente": "Programme graffitis et murales", "latitude": 45.547534, "longitude": -73.582381, "image": "http:\/\/depot.ville.montreal.qc.ca\/murales\/SODER-Nayan2012.jpg" }, "geometry": { "type": "Point", "coordinates": [ -73.582381, 45.547534 ] } },
    { "type": "Feature", "properties": { "id": 33, "fichier": "SPAG-2371OntarioEst.jpg", "artiste": "Laurent Gascon", "organisation": "Société pour Promouvoir les Arts Gigantesques (SPAG)", "adresse": "2371, rue Ontario Est", "annee": 2013, "programme_entente": "Programme graffitis et murales", "latitude": 45.531291, "longitude": -73.554416, "image": "http:\/\/depot.ville.montreal.qc.ca\/murales\/SPAG-2371OntarioEst.jpg" }, "geometry": { "type": "Point", "coordinates": [ -73.554416, 45.531291 ] } },
    { "type": "Feature", "properties": { "id": 34, "fichier": "MJE-357StJacques1.jpg", "artiste": "Simon Bachand et Jasmin Guérard-Alie", "organisation": "Maison des Jeunes l'Escalier de Lachine", "adresse": "357, rue Saint-Jacques", "annee": 2013, "programme_entente": "Programme graffitis et murales", "latitude": 45.443330, "longitude": -73.648853, "image": "http:\/\/depot.ville.montreal.qc.ca\/murales\/MJE-357StJacques1.jpg" }, "geometry": { "type": "Point", "coordinates": [ -73.648853, 45.44333 ] } },
    { "type": "Feature", "properties": { "id": 35, "fichier": "MJE-357StJacques2.jpg", "artiste": "Simon Bachand et Jasmin Guérard-Alie", "organisation": "Maison des Jeunes l'Escalier de Lachine", "adresse": "357, rue Saint-Jacques", "annee": 2013, "programme_entente": "Programme graffitis et murales", "latitude": 45.443261, "longitude": -73.648972, "image": "http:\/\/depot.ville.montreal.qc.ca\/murales\/MJE-357StJacques2.jpg" }, "geometry": { "type": "Point", "coordinates": [ -73.648972, 45.443261 ] } },
    { "type": "Feature", "properties": { "id": 36, "fichier": "MJE-150NotreDame.jpg", "artiste": "Simon Bachand et Jasmin Guérard-Alie", "organisation": "Maison des Jeunes l'Escalier de Lachine", "adresse": "150, rue Notre-Dame", "annee": 2013, "programme_entente": "Programme graffitis et murales", "latitude": 45.443252, "longitude": -73.644883, "image": "http:\/\/depot.ville.montreal.qc.ca\/murales\/MJE-150NotreDame.jpg" }, "geometry": { "type": "Point", "coordinates": [ -73.644883, 45.443252 ] } },
    { "type": "Feature", "properties": { "id": 37, "fichier": "CEP-Knox-Hiberna.jpg", "artiste": "Collectif Au pied du mur", "organisation": "Carrefour d'éducation populaire de Pointe-Saint-Charles", "adresse": "coin des rues Knox et Hibernia", "annee": 2013, "programme_entente": "Programme graffitis et murales", "latitude": 45.478752, "longitude": -73.562949, "image": "http:\/\/depot.ville.montreal.qc.ca\/murales\/CEP-Knox-Hiberna.jpg" }, "geometry": { "type": "Point", "coordinates": [ -73.562949, 45.478752 ] } },
    { "type": "Feature", "properties": { "id": 38, "fichier": "MU-152OntarioE.jpg", "artiste": "Phillip Adams", "organisation": "MU", "adresse": "152, rue Ontario Est", "annee": 2013, "programme_entente": "Programme graffitis et murales", "latitude": 45.513182, "longitude": -73.565709, "image": "http:\/\/depot.ville.montreal.qc.ca\/murales\/MU-152OntarioE.jpg" }, "geometry": { "type": "Point", "coordinates": [ -73.565709, 45.513182 ] } },
    { "type": "Feature", "properties": { "id": 39, "fichier": "MU-7800JacquesRousseau.jpg", "artiste": "Carlito Dalceggio", "organisation": "MU", "adresse": "7800, rue Jacques Rousseau", "annee": 2013, "programme_entente": "Programme graffitis et murales", "latitude": 45.637428, "longitude": -73.601674, "image": "http:\/\/depot.ville.montreal.qc.ca\/murales\/MU-7800JacquesRousseau.jpg" }, "geometry": { "type": "Point", "coordinates": [ -73.601674, 45.637428 ] } },
    { "type": "Feature", "properties": { "id": 40, "fichier": "MU-5413Wellington.jpg", "artiste": "OTHER", "organisation": "MU", "adresse": "5413, rue Wellington", "annee": 2013, "programme_entente": "Programme graffitis et murales", "latitude": 45.452909, "longitude": -73.567891, "image": "http:\/\/depot.ville.montreal.qc.ca\/murales\/MU-5413Wellington.jpg" }, "geometry": { "type": "Point", "coordinates": [ -73.567891, 45.452909 ] } },
    { "type": "Feature", "properties": { "id": 41, "fichier": "MU_Villeray_2013_Labrona_Final_creditsMU-960x720.jpg", "artiste": "Labrona et Christopher Ross", "organisation": "MU", "adresse": "métro Jarry", "annee": 2013, "programme_entente": "Programme graffitis et murales", "latitude": 45.543349, "longitude": -73.628419, "image": "http:\/\/depot.ville.montreal.qc.ca\/murales\/MU_Villeray_2013_Labrona_Final_creditsMU-960x720.jpg" }, "geometry": { "type": "Point", "coordinates": [ -73.628419, 45.543349 ] } },
    { "type": "Feature", "properties": { "id": 42, "fichier": "YQQ-Souligny-Cadillac.jpg", "artiste": "A'Shop", "organisation": "Y'a QuelQu'un l'aut'bord du mur", "adresse": "coin des rues Souligny et Cadillac", "annee": 2013, "programme_entente": "Programme graffitis et murales", "latitude": 45.572157, "longitude": -73.532535, "image": "http:\/\/depot.ville.montreal.qc.ca\/murales\/YQQ-Souligny-Cadillac.jpg" }, "geometry": { "type": "Point", "coordinates": [ -73.532535, 45.572157 ] } },
    { "type": "Feature", "properties": { "id": 43, "fichier": "YQQ-RuelleVimont.jpg", "artiste": "A'Shop", "organisation": "Y'a QuelQu'un l'aut'bord du mur", "adresse": "1697, rue de Ville-Marie (ruelle Vimont)", "annee": 2013, "programme_entente": "Programme graffitis et murales", "latitude": 45.559247, "longitude": -73.532436, "image": "http:\/\/depot.ville.montreal.qc.ca\/murales\/YQQ-RuelleVimont.jpg" }, "geometry": { "type": "Point", "coordinates": [ -73.532436, 45.559247 ] } },
    { "type": "Feature", "properties": { "id": 44, "fichier": "YQQ-RuelleOntario.jpg", "artiste": "A'Shop", "organisation": "Y'a QuelQu'un l'aut'bord du mur", "adresse": "coin de la rue Ontario et de la ruelle Ville-Marie", "annee": 2013, "programme_entente": "Programme graffitis et murales", "latitude": 45.559581, "longitude": -73.535247, "image": "http:\/\/depot.ville.montreal.qc.ca\/murales\/YQQ-RuelleOntario.jpg" }, "geometry": { "type": "Point", "coordinates": [ -73.535247, 45.559581 ] } },
    { "type": "Feature", "properties": { "id": 45, "fichier": "SODER-Colomb-deLaRoche-JTalon-Belanger.jpg", "artiste": "Pascal Fournier", "organisation": "SODER", "adresse": "7077, rue Christophe-Colomb (ruelle)", "annee": 2013, "programme_entente": "Programme graffitis et murales", "latitude": 45.542254, "longitude": -73.610239, "image": "http:\/\/depot.ville.montreal.qc.ca\/murales\/SODER-Colomb-deLaRoche-JTalon-Belanger.jpg" }, "geometry": { "type": "Point", "coordinates": [ -73.610239, 45.542254 ] } },
    { "type": "Feature", "properties": { "id": 46, "fichier": "SODER-3-4-Masson-Laurier.jpg", "artiste": "Philippe Mastrocola", "organisation": "SODER", "adresse": "5324, 4e avenue (ruelle)", "annee": 2013, "programme_entente": "Programme graffitis et murales", "latitude": 45.546691, "longitude": -73.575087, "image": "http:\/\/depot.ville.montreal.qc.ca\/murales\/SODER-3-4-Masson-Laurier.jpg" }, "geometry": { "type": "Point", "coordinates": [ -73.575087, 45.546691 ] } },
    { "type": "Feature", "properties": { "id": 47, "fichier": "SODER-6-7-Laurier-StJoseph.jpg", "artiste": "Nayan", "organisation": "SODER", "adresse": "5012, 7e avenue (ruelle)", "annee": 2013, "programme_entente": "Programme graffitis et murales", "latitude": 45.547368, "longitude": -73.570805, "image": "http:\/\/depot.ville.montreal.qc.ca\/murales\/SODER-6-7-Laurier-StJoseph.jpg" }, "geometry": { "type": "Point", "coordinates": [ -73.570805, 45.547368 ] } },
    { "type": "Feature", "properties": { "id": 48, "fichier": "SODER-DeGaspe-Alma-StZotique-Beaubien.jpg", "artiste": "Philippe Mastrocola", "organisation": "SODER", "adresse": "211 et 215 Beaubien Est (ruelle)", "annee": 2013, "programme_entente": "Programme graffitis et murales", "latitude": 45.532204, "longitude": -73.607209, "image": "http:\/\/depot.ville.montreal.qc.ca\/murales\/SODER-DeGaspe-Alma-StZotique-Beaubien.jpg" }, "geometry": { "type": "Point", "coordinates": [ -73.607209, 45.532204 ] } },
    { "type": "Feature", "properties": { "id": 49, "fichier": "SODER-DeLorimier-DesErables-Beaubien-Bellechasse.jpg", "artiste": "Isabelle Leclerc", "organisation": "SODER", "adresse": "2148, rue Beaubien (ruelle)", "annee": 2013, "programme_entente": "Programme graffitis et murales", "latitude": 45.545833, "longitude": -73.594148, "image": "http:\/\/depot.ville.montreal.qc.ca\/murales\/SODER-DeLorimier-DesErables-Beaubien-Bellechasse.jpg" }, "geometry": { "type": "Point", "coordinates": [ -73.594148, 45.545833 ] } },
    { "type": "Feature", "properties": { "id": 50, "fichier": "SODER-Parc-JMance-StZotique-Beaubien.jpg", "artiste": "Mathieu Bories (Mateo)", "organisation": "SODER", "adresse": "280, rue Saint-Zotique Ouest (ruelle)", "annee": 2013, "programme_entente": "Programme graffitis et murales", "latitude": 45.528743, "longitude": -73.615862, "image": "http:\/\/depot.ville.montreal.qc.ca\/murales\/SODER-Parc-JMance-StZotique-Beaubien.jpg" }, "geometry": { "type": "Point", "coordinates": [ -73.615862, 45.528743 ] } },
    { "type": "Feature", "properties": { "id": 51, "fichier": "SODER-Bourbonniere-DOrleans-Rachel-Sherbrooke.jpg", "artiste": "Adeline Benhammouda", "organisation": "SODER", "adresse": "3880, rue Rachel Est (ruelle)", "annee": 2013, "programme_entente": "Programme graffitis et murales", "latitude": 45.552472, "longitude": -73.556131, "image": "http:\/\/depot.ville.montreal.qc.ca\/murales\/SODER-Bourbonniere-DOrleans-Rachel-Sherbrooke.jpg" }, "geometry": { "type": "Point", "coordinates": [ -73.556131, 45.552472 ] } },
    { "type": "Feature", "properties": { "id": 52, "fichier": "SODER-Waverly-AtUrbain-JTalon-Mozart.jpg", "artiste": "Monk-E", "organisation": "SODER", "adresse": "148, rue Jean Talon Ouest (ruelle)", "annee": 2013, "programme_entente": "Programme graffitis et murales", "latitude": 45.532897, "longitude": -73.619348, "image": "http:\/\/depot.ville.montreal.qc.ca\/murales\/SODER-Waverly-AtUrbain-JTalon-Mozart.jpg" }, "geometry": { "type": "Point", "coordinates": [ -73.619348, 45.532897 ] } },
    { "type": "Feature", "properties": { "id": 53, "fichier": "SODER-DeNormanville-Chambord-Bellechasse-Rosemont.jpg", "artiste": "Adèle Zanni", "organisation": "SODER", "adresse": "1250, rue de Bellechasse (ruelle)", "annee": 2013, "programme_entente": "Programme graffitis et murales", "latitude": 45.537688, "longitude": -73.596519, "image": "http:\/\/depot.ville.montreal.qc.ca\/murales\/SODER-DeNormanville-Chambord-Bellechasse-Rosemont.jpg" }, "geometry": { "type": "Point", "coordinates": [ -73.596519, 45.537688 ] } },
    { "type": "Feature", "properties": { "id": 54, "fichier": "SODER-6-7-Dandurand-Masson.jpg", "artiste": "Fanny Aishaa", "organisation": "SODER", "adresse": "5570, 7e avenue (ruelle)", "annee": 2013, "programme_entente": "Programme graffitis et murales", "latitude": 45.549318, "longitude": -73.577235, "image": "http:\/\/depot.ville.montreal.qc.ca\/murales\/SODER-6-7-Dandurand-Masson.jpg" }, "geometry": { "type": "Point", "coordinates": [ -73.577235, 45.549318 ] } },
    { "type": "Feature", "properties": { "id": 55, "fichier": "SODER-2-3-Masson-Laurier.jpg", "artiste": "Mathieu Bories (Mateo)", "organisation": "SODER", "adresse": "2650, rue Masson (ruelle)", "annee": 2013, "programme_entente": "Programme graffitis et murales", "latitude": 45.545917, "longitude": -73.575735, "image": "http:\/\/depot.ville.montreal.qc.ca\/murales\/SODER-2-3-Masson-Laurier.jpg" }, "geometry": { "type": "Point", "coordinates": [ -73.575735, 45.545917 ] } },
    { "type": "Feature", "properties": { "id": 56, "fichier": "SODER-Rosemont-Holt-2-3.jpg", "artiste": "Omen", "organisation": "SODER", "adresse": "5725, 2e avenue (ruelle)", "annee": 2013, "programme_entente": "Programme graffitis et murales", "latitude": 45.547559, "longitude": -73.580973, "image": "http:\/\/depot.ville.montreal.qc.ca\/murales\/SODER-Rosemont-Holt-2-3.jpg" }, "geometry": { "type": "Point", "coordinates": [ -73.580973, 45.547559 ] } },
    { "type": "Feature", "properties": { "id": 57, "fichier": "SODER-Beaubien-Bellechasse.jpg", "artiste": "A'Shop", "organisation": "SODER", "adresse": "6232, rue De Normanville (ruelle)", "annee": 2013, "programme_entente": "Programme graffitis et murales", "latitude": 45.537862, "longitude": -73.597960, "image": "http:\/\/depot.ville.montreal.qc.ca\/murales\/SODER-Beaubien-Bellechasse.jpg" }, "geometry": { "type": "Point", "coordinates": [ -73.59796, 45.537862 ] } },
    { "type": "Feature", "properties": { "id": 58, "fichier": "SODER-Rosemont-Holt-8-9.jpg", "artiste": "A'Shop", "organisation": "SODER", "adresse": "5750, 9e avenue (ruelle)", "annee": 2013, "programme_entente": "Programme graffitis et murales", "latitude": 45.551396, "longitude": -73.579830, "image": "http:\/\/depot.ville.montreal.qc.ca\/murales\/SODER-Rosemont-Holt-8-9.jpg" }, "geometry": { "type": "Point", "coordinates": [ -73.57983, 45.551396 ] } },
    { "type": "Feature", "properties": { "id": 59, "fichier": "_0148784p.jpg", "artiste": "Scribe CSX", "organisation": "SODER", "adresse": "3042, rue Dandurand", "annee": 2014, "programme_entente": "Programme graffitis et murales", "latitude": 45.549988, "longitude": -73.577004, "image": "http:\/\/depot.ville.montreal.qc.ca\/murales\/_0148784p.jpg" }, "geometry": { "type": "Point", "coordinates": [ -73.577004, 45.549988 ] } },
    { "type": "Feature", "properties": { "id": 60, "fichier": "_0147199p.jpg", "artiste": "A'Shop", "organisation": "SODER", "adresse": "2842, rue Holt (ruelle)", "annee": 2014, "programme_entente": "Programme graffitis et murales", "latitude": 45.548974, "longitude": -73.580480, "image": "http:\/\/depot.ville.montreal.qc.ca\/murales\/_0147199p.jpg" }, "geometry": { "type": "Point", "coordinates": [ -73.58048, 45.548974 ] } },
    { "type": "Feature", "properties": { "id": 61, "fichier": "_0147202p.jpg", "artiste": "Nayan", "organisation": "SODER", "adresse": "5881, 4e avenue (ruelle)", "annee": 2014, "programme_entente": "Programme graffitis et murales", "latitude": 45.549358, "longitude": -73.583043, "image": "http:\/\/depot.ville.montreal.qc.ca\/murales\/_0147202p.jpg" }, "geometry": { "type": "Point", "coordinates": [ -73.583043, 45.549358 ] } },
    { "type": "Feature", "properties": { "id": 62, "fichier": "_0147205p.jpg", "artiste": "Mateo", "organisation": "SODER", "adresse": "5929, 5e avenue (ruelle)", "annee": 2014, "programme_entente": "Programme graffitis et murales", "latitude": 45.549358, "longitude": -73.583043, "image": "http:\/\/depot.ville.montreal.qc.ca\/murales\/_0147205p.jpg" }, "geometry": { "type": "Point", "coordinates": [ -73.583043, 45.549358 ] } },
    { "type": "Feature", "properties": { "id": 63, "fichier": "_0147209p.jpg", "artiste": "Monk-E", "organisation": "SODER", "adresse": "6785, 2e avenue (ruelle)", "annee": 2014, "programme_entente": "Programme graffitis et murales", "latitude": 45.553622, "longitude": -73.594561, "image": "http:\/\/depot.ville.montreal.qc.ca\/murales\/_0147209p.jpg" }, "geometry": { "type": "Point", "coordinates": [ -73.594561, 45.553622 ] } },
    { "type": "Feature", "properties": { "id": 64, "fichier": "_0148772p.jpg", "artiste": "A'Shop", "organisation": "Y'a QuelQu'un l'aut'bord du mur", "adresse": "5000, rue Ontario Est", "annee": 2014, "programme_entente": "Programme graffitis et murales", "latitude": 45.559750, "longitude": -73.534759, "image": "http:\/\/depot.ville.montreal.qc.ca\/murales\/_0148772p.jpg" }, "geometry": { "type": "Point", "coordinates": [ -73.534759, 45.55975 ] } },
    { "type": "Feature", "properties": { "id": 65, "fichier": "_0148774p.jpg", "artiste": "Laurent Gascon", "organisation": "Société pour Promouvoir les Arts Gigantesques (SPAG)", "adresse": "coin des rues Ontario Est et Hogan", "annee": 2014, "programme_entente": "Programme graffitis et murales", "latitude": 45.535311, "longitude": -73.551266, "image": "http:\/\/depot.ville.montreal.qc.ca\/murales\/_0148774p.jpg" }, "geometry": { "type": "Point", "coordinates": [ -73.551266, 45.535311 ] } },
    { "type": "Feature", "properties": { "id": 66, "fichier": "_0148778p.jpg", "artiste": "Yves Paradis", "organisation": "SODER", "adresse": "5545, rue Lafond (ruelle)", "annee": 2014, "programme_entente": "Programme graffitis et murales", "latitude": 45.553616, "longitude": -73.574693, "image": "http:\/\/depot.ville.montreal.qc.ca\/murales\/_0148778p.jpg" }, "geometry": { "type": "Point", "coordinates": [ -73.574693, 45.553616 ] } },
    { "type": "Feature", "properties": { "id": 67, "fichier": "_0148799p.jpg", "artiste": "A'Shop", "organisation": "Prévention Côte-des-Neiges-Notre-Dame-de-Grâce", "adresse": "3518, rue Lacombe", "annee": 2014, "programme_entente": "Programme graffitis et murales", "latitude": 45.497350, "longitude": -73.622495, "image": "http:\/\/depot.ville.montreal.qc.ca\/murales\/_0148799p.jpg" }, "geometry": { "type": "Point", "coordinates": [ -73.622495, 45.49735 ] } },
    { "type": "Feature", "properties": { "id": 68, "fichier": "_0148800p.jpg", "artiste": "A'Shop", "organisation": "Prévention du crime Ahuntsic-Cartierville", "adresse": "chalet du parc Louisbourg", "annee": 2014, "programme_entente": "Programme graffitis et murales", "latitude": 45.528117, "longitude": -73.708178, "image": "http:\/\/depot.ville.montreal.qc.ca\/murales\/_0148800p.jpg" }, "geometry": { "type": "Point", "coordinates": [ -73.708178, 45.528117 ] } },
    { "type": "Feature", "properties": { "id": 69, "fichier": "_0148805p.jpg", "artiste": "Thomas Csano", "organisation": "MU", "adresse": "coin des rues Iberville et Jarry, sous le boulevard Métropolitain", "annee": 2014, "programme_entente": "Programme graffitis et murales", "latitude": 45.557629, "longitude": -73.614719, "image": "http:\/\/depot.ville.montreal.qc.ca\/murales\/_0148805p.jpg" }, "geometry": { "type": "Point", "coordinates": [ -73.614719, 45.557629 ] } },
    { "type": "Feature", "properties": { "id": 70, "fichier": "_0148824p.jpg", "artiste": "Labrona", "organisation": "MU", "adresse": "métro Jarry", "annee": 2014, "programme_entente": "Programme graffitis et murales", "latitude": 45.543303, "longitude": -73.628454, "image": "http:\/\/depot.ville.montreal.qc.ca\/murales\/_0148824p.jpg" }, "geometry": { "type": "Point", "coordinates": [ -73.628454, 45.543303 ] } },
    { "type": "Feature", "properties": { "id": 71, "fichier": "_0148829p.jpg", "artiste": "A'Shop", "organisation": "SODER", "adresse": "7025, rue Fabre", "annee": 2014, "programme_entente": "Programme graffitis et murales", "latitude": 45.545961, "longitude": -73.605634, "image": "http:\/\/depot.ville.montreal.qc.ca\/murales\/_0148829p.jpg" }, "geometry": { "type": "Point", "coordinates": [ -73.605634, 45.545961 ] } },
    { "type": "Feature", "properties": { "id": 72, "fichier": "_0148838p.jpg", "artiste": "Mateo", "organisation": "SODER", "adresse": "1450, rue Jean Talon", "annee": 2014, "programme_entente": "Programme graffitis et murales", "latitude": 45.546118, "longitude": -73.608213, "image": "http:\/\/depot.ville.montreal.qc.ca\/murales\/_0148838p.jpg" }, "geometry": { "type": "Point", "coordinates": [ -73.608213, 45.546118 ] } },
    { "type": "Feature", "properties": { "id": 73, "fichier": "_0148844p.jpg", "artiste": "Maxime Fortin", "organisation": "SODER", "adresse": "1960, rue Beaubien (ruelle)", "annee": 2014, "programme_entente": "Programme graffitis et murales", "latitude": 45.544523, "longitude": -73.595120, "image": "http:\/\/depot.ville.montreal.qc.ca\/murales\/_0148844p.jpg" }, "geometry": { "type": "Point", "coordinates": [ -73.59512, 45.544523 ] } },
    { "type": "Feature", "properties": { "id": 74, "fichier": "_0149036p.jpg", "artiste": "A'Shop", "organisation": "SODER", "adresse": "532, rue Saint-Zotique", "annee": 2014, "programme_entente": "Programme graffitis et murales", "latitude": 45.536599, "longitude": -73.607274, "image": "http:\/\/depot.ville.montreal.qc.ca\/murales\/_0149036p.jpg" }, "geometry": { "type": "Point", "coordinates": [ -73.607274, 45.536599 ] } },
    { "type": "Feature", "properties": { "id": 75, "fichier": "_0148861p.jpg", "artiste": "Rafael Sottolichio", "organisation": "MU", "adresse": "4625, rue Saint-Dominique", "annee": 2014, "programme_entente": "Programme graffitis et murales", "latitude": 45.521529, "longitude": -73.587676, "image": "http:\/\/depot.ville.montreal.qc.ca\/murales\/_0148861p.jpg" }, "geometry": { "type": "Point", "coordinates": [ -73.587676, 45.521529 ] } },
    { "type": "Feature", "properties": { "id": 76, "fichier": "_0148864p.jpg", "artiste": "Zilon", "organisation": "MURAL", "adresse": "coin des rues Marie-Anne et Saint-Dominique", "annee": 2014, "programme_entente": "Programme graffitis et murales", "latitude": 45.519661, "longitude": -73.583606, "image": "http:\/\/depot.ville.montreal.qc.ca\/murales\/_0148864p.jpg" }, "geometry": { "type": "Point", "coordinates": [ -73.583606, 45.519661 ] } },
    { "type": "Feature", "properties": { "id": 77, "fichier": "_0148990p.jpg", "artiste": "Dan Buller et Five Eight.", "organisation": "MU", "adresse": "coin des rues Georges-Vanier et Lionel-Groulx", "annee": 2014, "programme_entente": "Programme graffitis et murales", "latitude": 45.486637, "longitude": -73.573442, "image": "http:\/\/depot.ville.montreal.qc.ca\/murales\/_0148990p.jpg" }, "geometry": { "type": "Point", "coordinates": [ -73.573442, 45.486637 ] } },
    { "type": "Feature", "properties": { "id": 78, "fichier": "_0148994p.jpg", "artiste": "Simon Bachand et Jasmin Guérard-Alie", "organisation": "Maison des Jeunes l'Escalier de Lachine", "adresse": "735, rue Notre-Dame", "annee": 2014, "programme_entente": "Programme graffitis et murales", "latitude": 45.434804, "longitude": -73.670306, "image": "http:\/\/depot.ville.montreal.qc.ca\/murales\/_0148994p.jpg" }, "geometry": { "type": "Point", "coordinates": [ -73.670306, 45.434804 ] } },
    { "type": "Feature", "properties": { "id": 79, "fichier": "_0148999p.jpg", "artiste": "Simon Bachand et Jasmin Guérard-Alie", "organisation": "Maison des Jeunes l'Escalier de Lachine", "adresse": "800, rue Notre-Dame", "annee": 2014, "programme_entente": "Programme graffitis et murales", "latitude": 45.435045, "longitude": -73.670849, "image": "http:\/\/depot.ville.montreal.qc.ca\/murales\/_0148999p.jpg" }, "geometry": { "type": "Point", "coordinates": [ -73.670849, 45.435045 ] } },
    { "type": "Feature", "properties": { "id": 80, "fichier": "_0149002p.jpg", "artiste": "Simon Bachand et Jasmin Guérard-Alie", "organisation": "Maison des Jeunes l'Escalier de Lachine", "adresse": "1080, rue Notre-Dame", "annee": 2014, "programme_entente": "Programme graffitis et murales", "latitude": 45.435057, "longitude": -73.673237, "image": "http:\/\/depot.ville.montreal.qc.ca\/murales\/_0149002p.jpg" }, "geometry": { "type": "Point", "coordinates": [ -73.673237, 45.435057 ] } },
    { "type": "Feature", "properties": { "id": 81, "fichier": "_0149018p.jpg", "artiste": "Simon Bachand et Jasmin Guérard-Alie", "organisation": "Maison des Jeunes l'Escalier de Lachine", "adresse": "1349, rue Notre-Dame", "annee": 2014, "programme_entente": "Programme graffitis et murales", "latitude": 45.434825, "longitude": -73.675980, "image": "http:\/\/depot.ville.montreal.qc.ca\/murales\/_0149018p.jpg" }, "geometry": { "type": "Point", "coordinates": [ -73.67598, 45.434825 ] } },
    { "type": "Feature", "properties": { "id": 82, "fichier": "2015_SB.jpg", "artiste": "Simon Bachand, Jasmin Gérard-Alie", "organisation": "Artducommun", "adresse": "5098, rue Saint-Hubert", "annee": 2014, "programme_entente": "Projet pilote d'art mural - Entente sur le développement culturel de Montréal", "latitude": 45.528972, "longitude": -73.588541, "image": "http:\/\/depot.ville.montreal.qc.ca\/murales\/2015_SB.jpg" }, "geometry": { "type": "Point", "coordinates": [ -73.588541, 45.528972 ] } },
    { "type": "Feature", "properties": { "id": 83, "fichier": "2014_ASHOP.jpg", "artiste": "A'Shop", "organisation": "Y'a QuelQu'un l'aut'bord du mur", "adresse": "8105, rue Hochelaga", "annee": 2014, "programme_entente": "Projet pilote d'art mural - Entente sur le développement culturel de Montréal", "latitude": 45.595266, "longitude": -73.523925, "image": "http:\/\/depot.ville.montreal.qc.ca\/murales\/2014_ASHOP.jpg" }, "geometry": { "type": "Point", "coordinates": [ -73.523925, 45.595266 ] } },
    { "type": "Feature", "properties": { "id": 84, "fichier": "2014_OMEN.jpg", "artiste": "Omen", "organisation": "MU", "adresse": "1535, rue Beaudet", "annee": 2014, "programme_entente": "Projet pilote d'art mural - Entente sur le développement culturel de Montréal", "latitude": 45.510387, "longitude": -73.677283, "image": "http:\/\/depot.ville.montreal.qc.ca\/murales\/2014_OMEN.jpg" }, "geometry": { "type": "Point", "coordinates": [ -73.677283, 45.510387 ] } },
    { "type": "Feature", "properties": { "id": 85, "fichier": "2014-AH.jpg", "artiste": "Annie Hamel", "organisation": "MU", "adresse": "1301, boulevard De Maisonneuve E.", "annee": 2014, "programme_entente": "Projet pilote d'art mural - Entente sur le développement culturel de Montréal", "latitude": 45.520031, "longitude": -73.556923, "image": "http:\/\/depot.ville.montreal.qc.ca\/murales\/2014-AH.jpg" }, "geometry": { "type": "Point", "coordinates": [ -73.556923, 45.520031 ] } },
    { "type": "Feature", "properties": { "id": 86, "fichier": "2014-RS.jpg", "artiste": "Rafael Sotolichio", "organisation": "MU", "adresse": "Parc Bélanger-Chateaubriand", "annee": 2014, "programme_entente": "Projet pilote d'art mural - Entente sur le développement culturel de Montréal", "latitude": 45.538189, "longitude": -73.610286, "image": "http:\/\/depot.ville.montreal.qc.ca\/murales\/2014-RS.jpg" }, "geometry": { "type": "Point", "coordinates": [ -73.610286, 45.538189 ] } },
    { "type": "Feature", "properties": { "id": 87, "fichier": "_0144731p.jpg", "artiste": "A'Shop (Zek et Dodo Ose)", "organisation": "Prévention du crime Ahuntsic-Cartierville", "adresse": "1014, rue Fleury Est", "annee": 2015, "programme_entente": "Programme graffitis et murales", "latitude": 45.558021, "longitude": -73.659044, "image": "http:\/\/depot.ville.montreal.qc.ca\/murales\/_0144731p.jpg" }, "geometry": { "type": "Point", "coordinates": [ -73.659044, 45.558021 ] } },
    { "type": "Feature", "properties": { "id": 88, "fichier": "_0144707p.jpg", "artiste": "Simon Bachand et Jasmin Guérard-Alie", "organisation": "Maison des Jeunes l'Escalier de Lachine", "adresse": "735, rue Notre-Dame", "annee": 2015, "programme_entente": "Programme graffitis et murales", "latitude": 45.434765, "longitude": -73.670308, "image": "http:\/\/depot.ville.montreal.qc.ca\/murales\/_0144707p.jpg" }, "geometry": { "type": "Point", "coordinates": [ -73.670308, 45.434765 ] } },
    { "type": "Feature", "properties": { "id": 89, "fichier": "_0144714p.jpg", "artiste": "Simon Bachand et Jasmin Guérard-Alie", "organisation": "Maison des Jeunes l'Escalier de Lachine", "adresse": "1005, rue Notre-Dame", "annee": 2015, "programme_entente": "Programme graffitis et murales", "latitude": 45.434742, "longitude": -73.672654, "image": "http:\/\/depot.ville.montreal.qc.ca\/murales\/_0144714p.jpg" }, "geometry": { "type": "Point", "coordinates": [ -73.672654, 45.434742 ] } },
    { "type": "Feature", "properties": { "id": 90, "fichier": "_0144719p.jpg", "artiste": "Simon Bachand et Jasmin Guérard-Alie", "organisation": "Maison des Jeunes l'Escalier de Lachine", "adresse": "1535-1537, rue Notre-Dame", "annee": 2015, "programme_entente": "Programme graffitis et murales", "latitude": 45.434786, "longitude": -73.677928, "image": "http:\/\/depot.ville.montreal.qc.ca\/murales\/_0144719p.jpg" }, "geometry": { "type": "Point", "coordinates": [ -73.677928, 45.434786 ] } },
    { "type": "Feature", "properties": { "id": 91, "fichier": "_0144722p.jpg", "artiste": "Rafael Sottolichio", "organisation": "MU", "adresse": "1320, rue du Collège", "annee": 2015, "programme_entente": "Projet pilote d'art mural - Entente sur le développement culturel de Montréal", "latitude": 45.511176, "longitude": -73.672515, "image": "http:\/\/depot.ville.montreal.qc.ca\/murales\/_0144722p.jpg" }, "geometry": { "type": "Point", "coordinates": [ -73.672515, 45.511176 ] } },
    { "type": "Feature", "properties": { "id": 92, "fichier": "_0144736p.jpg", "artiste": "Jason Cantoro et Annie Hamel", "organisation": "MU", "adresse": "5665, boulevard Saint-Laurent", "annee": 2015, "programme_entente": "Projet pilote d'art mural - Entente sur le développement culturel de Montréal", "latitude": 45.526694, "longitude": -73.600632, "image": "http:\/\/depot.ville.montreal.qc.ca\/murales\/_0144736p.jpg" }, "geometry": { "type": "Point", "coordinates": [ -73.600632, 45.526694 ] } },
    { "type": "Feature", "properties": { "id": 93, "fichier": "_0143831p.jpg", "artiste": "Seth Malland", "organisation": "MU", "adresse": "1800, rue Jarry Est, coin Papineau", "annee": 2015, "programme_entente": "Projet pilote d'art mural - Entente sur le développement culturel de Montréal", "latitude": 45.553400, "longitude": -73.618783, "image": "http:\/\/depot.ville.montreal.qc.ca\/murales\/_0143831p.jpg" }, "geometry": { "type": "Point", "coordinates": [ -73.618783, 45.5534 ] } },
    { "type": "Feature", "properties": { "id": 94, "fichier": "_0143920p.jpg", "artiste": "Simon Bachand (Stare)", "organisation": "Diffusion AGC Montréal", "adresse": "2075, boulevard Saint Laurent", "annee": 2015, "programme_entente": "Programme graffitis et murales", "latitude": 45.511940, "longitude": -73.567831, "image": "http:\/\/depot.ville.montreal.qc.ca\/murales\/_0143920p.jpg" }, "geometry": { "type": "Point", "coordinates": [ -73.567831, 45.51194 ] } },
    { "type": "Feature", "properties": { "id": 95, "fichier": "_0145573p.jpg", "artiste": "Simon Bachand et Jasmin Guérard-Alie", "organisation": "Diffusion AGC Montréal", "adresse": "3689, rue Saint-Hubert", "annee": 2015, "programme_entente": "Programme graffitis et murales", "latitude": 45.520455, "longitude": -73.569268, "image": "http:\/\/depot.ville.montreal.qc.ca\/murales\/_0145573p.jpg" }, "geometry": { "type": "Point", "coordinates": [ -73.569268, 45.520455 ] } },
    { "type": "Feature", "properties": { "id": 96, "fichier": "2015_MATEO.jpg", "artiste": "Mathieu Bories (Mateo)", "organisation": "SODER", "adresse": "5850, avenue Papineau, angle Fleurimont", "annee": 2015, "programme_entente": "Projet pilote d'art mural - Entente sur le développement culturel de Montréal", "latitude": 45.540415, "longitude": -73.590788, "image": "http:\/\/depot.ville.montreal.qc.ca\/murales\/2015_MATEO.jpg" }, "geometry": { "type": "Point", "coordinates": [ -73.590788, 45.540415 ] } },
    { "type": "Feature", "properties": { "id": 97, "fichier": "_0144739p.jpg", "artiste": "Pantonio", "organisation": "Santropol Roulant", "adresse": "111, rue Roy Est", "annee": 2015, "programme_entente": "Programme graffitis et murales", "latitude": 45.516451, "longitude": -73.575145, "image": "http:\/\/depot.ville.montreal.qc.ca\/murales\/_0144739p.jpg" }, "geometry": { "type": "Point", "coordinates": [ -73.575145, 45.516451 ] } },
    { "type": "Feature", "properties": { "id": 98, "fichier": "_0143821p.jpg", "artiste": "Carlito Dalceggio", "organisation": "MU", "adresse": "6158, rue Laurendeau", "annee": 2015, "programme_entente": "Programme graffitis et murales", "latitude": 45.457098, "longitude": -73.588239, "image": "http:\/\/depot.ville.montreal.qc.ca\/murales\/_0143821p.jpg" }, "geometry": { "type": "Point", "coordinates": [ -73.588239, 45.457098 ] } },
    { "type": "Feature", "properties": { "id": 99, "fichier": "_0143817p.jpg", "artiste": "Gene Pendon & Bryan Beyung", "organisation": "MU", "adresse": "1110, boulevard St-Laurent", "annee": 2015, "programme_entente": "Programme graffitis et murales", "latitude": 45.508597, "longitude": -73.561378, "image": "http:\/\/depot.ville.montreal.qc.ca\/murales\/_0143817p.jpg" }, "geometry": { "type": "Point", "coordinates": [ -73.561378, 45.508597 ] } },
    { "type": "Feature", "properties": { "id": 100, "fichier": "_0143838p.jpg", "artiste": "Julian Palma", "organisation": "MU", "adresse": "7060, avenue Bloomfield", "annee": 2015, "programme_entente": "Programme graffitis et murales", "latitude": 45.526961, "longitude": -73.623516, "image": "http:\/\/depot.ville.montreal.qc.ca\/murales\/_0143838p.jpg" }, "geometry": { "type": "Point", "coordinates": [ -73.623516, 45.526961 ] } },
    { "type": "Feature", "properties": { "id": 101, "fichier": "_0143906p.jpg", "artiste": "Phillip Adams", "organisation": "MU", "adresse": "1695, rue Saint-Dominique", "annee": 2015, "programme_entente": "Programme graffitis et murales", "latitude": 45.511810, "longitude": -73.566284, "image": "http:\/\/depot.ville.montreal.qc.ca\/murales\/_0143906p.jpg" }, "geometry": { "type": "Point", "coordinates": [ -73.566284, 45.51181 ] } },
    { "type": "Feature", "properties": { "id": 102, "fichier": "_0143902p.jpg", "artiste": "Laurent Gascon", "organisation": "Société pour Promouvoir les Arts Gigantesques (SPAG)", "adresse": "2915, rue Ontario", "annee": 2015, "programme_entente": "Programme graffitis et murales", "latitude": 45.537604, "longitude": -73.549785, "image": "http:\/\/depot.ville.montreal.qc.ca\/murales\/_0143902p.jpg" }, "geometry": { "type": "Point", "coordinates": [ -73.549785, 45.537604 ] } },
    { "type": "Feature", "properties": { "id": 103, "fichier": "2015_CURIOT.jpg", "artiste": "Curiot", "organisation": "MURAL", "adresse": "coin nord-ouest de Sherbrooke et Jeanne-Mance", "annee": 2015, "programme_entente": "Projet pilote d'art mural - Entente sur le développement culturel de Montréal", "latitude": 45.509159, "longitude": -73.571184, "image": "http:\/\/depot.ville.montreal.qc.ca\/murales\/2015_CURIOT.jpg" }, "geometry": { "type": "Point", "coordinates": [ -73.571184, 45.509159 ] } },
    { "type": "Feature", "properties": { "id": 104, "fichier": "_0144733p.jpg", "artiste": "Shalak & Smoky", "organisation": "SODER", "adresse": "6251, avenue Christophe-Colomb (ruelle)", "annee": 2015, "programme_entente": "Programme graffitis et murales", "latitude": 45.536964, "longitude": -73.598738, "image": "http:\/\/depot.ville.montreal.qc.ca\/murales\/_0144733p.jpg" }, "geometry": { "type": "Point", "coordinates": [ -73.598738, 45.536964 ] } },
    { "type": "Feature", "properties": { "id": 105, "fichier": "_0143870p.jpg", "artiste": "Mr Crocks", "organisation": "SODER", "adresse": "362, rue Beaubien Est", "annee": 2015, "programme_entente": "Programme graffitis et murales", "latitude": 45.533465, "longitude": -73.605139, "image": "http:\/\/depot.ville.montreal.qc.ca\/murales\/_0143870p.jpg" }, "geometry": { "type": "Point", "coordinates": [ -73.605139, 45.533465 ] } },
    { "type": "Feature", "properties": { "id": 106, "fichier": "_0143855p.jpg", "artiste": "Hoarkor", "organisation": "SODER", "adresse": "205, rue de Bellechasse (ruelle)", "annee": 2015, "programme_entente": "Programme graffitis et murales", "latitude": 45.530861, "longitude": -73.603995, "image": "http:\/\/depot.ville.montreal.qc.ca\/murales\/_0143855p.jpg" }, "geometry": { "type": "Point", "coordinates": [ -73.603995, 45.530861 ] } },
    { "type": "Feature", "properties": { "id": 107, "fichier": "SODER2015-MaximeFortin.jpg", "artiste": "Maxime Fortin (4-TIN)", "organisation": "SODER", "adresse": "5620, 7e Avenue (ruelle)", "annee": 2015, "programme_entente": "Programme graffitis et murales", "latitude": 45.549628, "longitude": -73.580264, "image": "http:\/\/depot.ville.montreal.qc.ca\/murales\/SODER2015-MaximeFortin.jpg" }, "geometry": { "type": "Point", "coordinates": [ -73.580264, 45.5496285 ] } },
    { "type": "Feature", "properties": { "id": 108, "fichier": "SODER2015-CyndieBelhumeur.jpg", "artiste": "Cyndie Belhumeur", "organisation": "SODER", "adresse": "5629, 7e Avenue (ruelle)", "annee": 2015, "programme_entente": "Programme graffitis et murales", "latitude": 45.549877, "longitude": -73.580316, "image": "http:\/\/depot.ville.montreal.qc.ca\/murales\/SODER2015-CyndieBelhumeur.jpg" }, "geometry": { "type": "Point", "coordinates": [ -73.5803157, 45.5498767 ] } },
    { "type": "Feature", "properties": { "id": 109, "fichier": "SODER2015-SophieWilkins.jpg", "artiste": "Sophie Wilkins", "organisation": "SODER", "adresse": "4903, boulevard Rosemont (ruelle)", "annee": 2015, "programme_entente": "Programme graffitis et murales", "latitude": 45.568860, "longitude": -73.569069, "image": "http:\/\/depot.ville.montreal.qc.ca\/murales\/SODER2015-SophieWilkins.jpg" }, "geometry": { "type": "Point", "coordinates": [ -73.5690687, 45.5688595 ] } },
    { "type": "Feature", "properties": { "id": 110, "fichier": "SODER2015-AdelineBenhammouda.jpg", "artiste": "Adeline Benhammouda", "organisation": "SODER", "adresse": "2018-2020-2022, rue Des Carrières (ruelle)", "annee": 2015, "programme_entente": "Programme graffitis et murales", "latitude": 45.541730, "longitude": -73.589962, "image": "http:\/\/depot.ville.montreal.qc.ca\/murales\/SODER2015-AdelineBenhammouda.jpg" }, "geometry": { "type": "Point", "coordinates": [ -73.5899617, 45.5417297 ] } },
    { "type": "Feature", "properties": { "id": 111, "fichier": "SODER2015-MCBaldassari.jpg", "artiste": "MC Baldassari", "organisation": "SODER", "adresse": "421, rue Bélanger Est (ruelle)", "annee": 2015, "programme_entente": "Programme graffitis et murales", "latitude": 45.537681, "longitude": -73.613846, "image": "http:\/\/depot.ville.montreal.qc.ca\/murales\/SODER2015-MCBaldassari.jpg" }, "geometry": { "type": "Point", "coordinates": [ -73.6138458, 45.5376815 ] } },
    { "type": "Feature", "properties": { "id": 112, "fichier": "SODER2015-Mateo.jpg", "artiste": "Matéo", "organisation": "SODER", "adresse": "1109, rue Beaubien Est", "annee": 2015, "programme_entente": "Programme graffitis et murales", "latitude": 45.538192, "longitude": -73.603568, "image": "http:\/\/depot.ville.montreal.qc.ca\/murales\/SODER2015-Mateo.jpg" }, "geometry": { "type": "Point", "coordinates": [ -73.6035681, 45.5381919 ] } },
    { "type": "Feature", "properties": { "id": 113, "fichier": "murale-anglais-3-coalitionpetitebourgogne.jpg", "artiste": "Jasmin Guérard-Alie et Simon Bachand", "organisation": "Coalition de la Petite-Bourgogne\/Quartier en santé", "adresse": "1788, rue Terrasse Coursol", "annee": 2016, "programme_entente": "Programme d'art mural", "latitude": 45.490766, "longitude": -73.573697, "image": "http:\/\/depot.ville.montreal.qc.ca\/murales\/murale-anglais-3-coalitionpetitebourgogne.jpg" }, "geometry": { "type": "Point", "coordinates": [ -73.5736971, 45.4907662 ] } },
    { "type": "Feature", "properties": { "id": 114, "fichier": "murale-arabe-3-coalitionpetitebourgogne.jpg", "artiste": "Jasmin Guérard-Alie et Simon Bachand", "organisation": "Coalition de la Petite-Bourgogne\/Quartier en santé", "adresse": "735, rue Dominion", "annee": 2016, "programme_entente": "Programme d'art mural", "latitude": 45.486915, "longitude": -73.578437, "image": "http:\/\/depot.ville.montreal.qc.ca\/murales\/murale-arabe-3-coalitionpetitebourgogne.jpg" }, "geometry": { "type": "Point", "coordinates": [ -73.5784368, 45.4869151 ] } },
    { "type": "Feature", "properties": { "id": 115, "fichier": "murale-bengali-1-coalitionpetitebourgogne.jpg", "artiste": "Jasmin Guérard-Alie et Simon Bachand", "organisation": "Coalition de la Petite-Bourgogne\/Quartier en santé", "adresse": "570, rue Charlevoix", "annee": 2016, "programme_entente": "Programme d'art mural", "latitude": 45.483268, "longitude": -73.579159, "image": "http:\/\/depot.ville.montreal.qc.ca\/murales\/murale-bengali-1-coalitionpetitebourgogne.jpg" }, "geometry": { "type": "Point", "coordinates": [ -73.5791587, 45.4832678 ] } },
    { "type": "Feature", "properties": { "id": 116, "fichier": "Au-Pied-De-La-Montagne.jpg", "artiste": "A'Shop: Bryan Beyung, Ankh One, Monk-E", "organisation": "École primaire au-Pied-de-la-Montagne", "adresse": "coin des rues Roy et Henri-Julien (cour d'école)", "annee": 2016, "programme_entente": "Programme d'art mural", "latitude": 45.517851, "longitude": -73.574304, "image": "http:\/\/depot.ville.montreal.qc.ca\/murales\/Au-Pied-De-La-Montagne.jpg" }, "geometry": { "type": "Point", "coordinates": [ -73.5743038, 45.5178509 ] } },
    { "type": "Feature", "properties": { "id": 117, "fichier": "zek_monke_richard_HD_creditsAShop.jpg", "artiste": "A'Shop: Zek-One, Monk-e et les élèves", "organisation": "École secondaire Monseigneur-Richard", "adresse": "3000, boul. Gaétan-Laberge coin Gilberte-Dubé", "annee": 2016, "programme_entente": "Programme d'art mural", "latitude": 45.469836, "longitude": -73.562856, "image": "http:\/\/depot.ville.montreal.qc.ca\/murales\/zek_monke_richard_HD_creditsAShop.jpg" }, "geometry": { "type": "Point", "coordinates": [ -73.5628562, 45.469836 ] } },
    { "type": "Feature", "properties": { "id": 118, "fichier": "Credit_AnkhOne_AShop.jpg", "artiste": "A'Shop: Fluke, Ankh One", "organisation": "La Table de quartier Hochelaga-Maisonneuve", "adresse": "3562, rue Sainte-Catherine Est", "annee": 2016, "programme_entente": "Programme d'art mural", "latitude": 45.542918, "longitude": -73.539120, "image": "http:\/\/depot.ville.montreal.qc.ca\/murales\/Credit_AnkhOne_AShop.jpg" }, "geometry": { "type": "Point", "coordinates": [ -73.5391202, 45.542918 ] } },
    { "type": "Feature", "properties": { "id": 119, "fichier": "20160929-Lien-Vert-Hochelaga-078.jpg", "artiste": "Atelier Nayan, Nelson Béguin et citoyenNes", "organisation": "La Table de quartier Hochelaga-Maisonneuve", "adresse": "1635, rue Darling", "annee": 2016, "programme_entente": "Programme d'art mural", "latitude": 45.541532, "longitude": -73.545419, "image": "http:\/\/depot.ville.montreal.qc.ca\/murales\/20160929-Lien-Vert-Hochelaga-078.jpg" }, "geometry": { "type": "Point", "coordinates": [ -73.545419, 45.5415322 ] } },
    { "type": "Feature", "properties": { "id": 120, "fichier": "Artducommun-Lachine2016arche.jpg", "artiste": "Artducommun", "organisation": "Comité graffiti Lachine", "adresse": "410, rue Saint-Jacques, Lachine", "annee": 2016, "programme_entente": "Programme d'art mural", "latitude": 45.443203, "longitude": -73.650911, "image": "http:\/\/depot.ville.montreal.qc.ca\/murales\/Artducommun-Lachine2016arche.jpg" }, "geometry": { "type": "Point", "coordinates": [ -73.6509111, 45.4432034 ] } },
    { "type": "Feature", "properties": { "id": 121, "fichier": "MU_QUATSOUS_2016_creditsOlivierBousquet2.jpg", "artiste": "Gene Pendon et Les Hommes de lettres", "organisation": "MU", "adresse": "1755, rue Wolfe et 1750, rue Montcalm (diptyque)", "annee": 2016, "programme_entente": "Programme d'art mural", "latitude": 45.519870, "longitude": -73.560872, "image": "http:\/\/depot.ville.montreal.qc.ca\/murales\/MU_QUATSOUS_2016_creditsOlivierBousquet2.jpg" }, "geometry": { "type": "Point", "coordinates": [ -73.5608717, 45.51987 ] } },
    { "type": "Feature", "properties": { "id": 122, "fichier": "MU_MONTCALM_2016_creditsOlivierBousquet1.jpg", "artiste": "Kevin Ledo", "organisation": "MU", "adresse": "2130-2150, rue Montcalm", "annee": 2016, "programme_entente": "Programme d'art mural", "latitude": 45.521456, "longitude": -73.563731, "image": "http:\/\/depot.ville.montreal.qc.ca\/murales\/MU_MONTCALM_2016_creditsOlivierBousquet1.jpg" }, "geometry": { "type": "Point", "coordinates": [ -73.5637313, 45.5214565 ] } },
    { "type": "Feature", "properties": { "id": 123, "fichier": "MU_HJM_2016_Phillip_Adams_creditsOlivierBousquet1.jpg", "artiste": "Phillip Adams", "organisation": "MU", "adresse": "81, boulevard De Maisonneuve Est", "annee": 2016, "programme_entente": "Programme d'art mural", "latitude": 45.511319, "longitude": -73.565723, "image": "http:\/\/depot.ville.montreal.qc.ca\/murales\/MU_HJM_2016_Phillip_Adams_creditsOlivierBousquet1.jpg" }, "geometry": { "type": "Point", "coordinates": [ -73.5657232, 45.5113195 ] } },
    { "type": "Feature", "properties": { "id": 124, "fichier": "MU_RUELLEMBAM_2016_del_Pinto_creditsOlivierBousquet.jpg", "artiste": "Melissa del Pinto", "organisation": "MU", "adresse": "2120, rue Crescent (dans la ruelle, à l'arrière)", "annee": 2016, "programme_entente": "Programme d'art mural", "latitude": 45.498286, "longitude": -73.580583, "image": "http:\/\/depot.ville.montreal.qc.ca\/murales\/MU_RUELLEMBAM_2016_del_Pinto_creditsOlivierBousquet.jpg" }, "geometry": { "type": "Point", "coordinates": [ -73.5805827, 45.498286 ] } },
    { "type": "Feature", "properties": { "id": 125, "fichier": "ankh_shadow_hhyds_HD.jpg", "artiste": "A'Shop: Zek-One, Fleo, Fonki, Miss Teri, Rouks, Five 8, Shadow, Ankh One, Monk-E, Strike, Flying Eric, Astro", "organisation": "Prévention Côte-des-Neiges-Notre-Dame-de-Grâce", "adresse": "2161, avenue Melrose (coin de Maisonneuve)", "annee": 2016, "programme_entente": "Programme d'art mural", "latitude": 45.468340, "longitude": -73.615168, "image": "http:\/\/depot.ville.montreal.qc.ca\/murales\/ankh_shadow_hhyds_HD.jpg" }, "geometry": { "type": "Point", "coordinates": [ -73.6151681, 45.4683403 ] } },
    { "type": "Feature", "properties": { "id": 126, "fichier": "ashop_fontainebartholdi_HD.jpg", "artiste": "A'Shop: Dodo Ose", "organisation": "Éco-quartier Peter-McGill (SAESEM)", "adresse": "1871, rue Sainte-Catherine Ouest", "annee": 2016, "programme_entente": "Programme d'art mural", "latitude": 45.492824, "longitude": -73.582615, "image": "http:\/\/depot.ville.montreal.qc.ca\/murales\/ashop_fontainebartholdi_HD.jpg" }, "geometry": { "type": "Point", "coordinates": [ -73.5826153, 45.4928239 ] } },
    { "type": "Feature", "properties": { "id": 127, "fichier": "ashop_sussex_HD.jpg", "artiste": "A'Shop: Rouks", "organisation": "Éco-quartier Peter-McGill (SAESEM)", "adresse": "1193, rue Sussex", "annee": 2016, "programme_entente": "Programme d'art mural", "latitude": 45.489590, "longitude": -73.583630, "image": "http:\/\/depot.ville.montreal.qc.ca\/murales\/ashop_sussex_HD.jpg" }, "geometry": { "type": "Point", "coordinates": [ -73.5836297, 45.48959 ] } },
    { "type": "Feature", "properties": { "id": 128, "fichier": "ashop_rotisserie_HD.jpg", "artiste": "A'Shop: Zek One", "organisation": "Éco-quartier Peter-McGill (SAESEM)", "adresse": "1933, rue Sainte-Catherine Ouest", "annee": 2016, "programme_entente": "Programme d'art mural", "latitude": 45.492438, "longitude": -73.583080, "image": "http:\/\/depot.ville.montreal.qc.ca\/murales\/ashop_rotisserie_HD.jpg" }, "geometry": { "type": "Point", "coordinates": [ -73.5830799, 45.4924377 ] } },
    { "type": "Feature", "properties": { "id": 129, "fichier": "scien_klor_cheminvert_HD.jpg", "artiste": "A'Shop, 123Klan, Ankh One, Dodo Ose, Esprit, Osti one, Fluke, Monk-e, Zek, Benny Wliding, Dre, Five8, Axe, Snikr, Lorem Ipsum", "organisation": "SODER", "adresse": "100, Beaubien Ouest (sur la piste cyclable, au coin de la rue Clark)", "annee": 2016, "programme_entente": "Programme d'art mural", "latitude": 45.529215, "longitude": -73.610607, "image": "http:\/\/depot.ville.montreal.qc.ca\/murales\/scien_klor_cheminvert_HD.jpg" }, "geometry": { "type": "Point", "coordinates": [ -73.610607, 45.529215 ] } },
    { "type": "Feature", "properties": { "id": 130, "fichier": "SPAG-Vigneault2016.jpg", "artiste": "Laurent Gascon", "organisation": "Société pour Promouvoir les Arts Gigantesques (SPAG)", "adresse": "3845, rue Ontario Est", "annee": 2016, "programme_entente": "Programme d'art mural", "latitude": 45.547977, "longitude": -73.543404, "image": "http:\/\/depot.ville.montreal.qc.ca\/murales\/SPAG-Vigneault2016.jpg" }, "geometry": { "type": "Point", "coordinates": [ -73.543404, 45.547977 ] } },
    { "type": "Feature", "properties": { "id": 131, "fichier": "AtelierCultureVelo_CreditArrondissementVSMPE.jpg", "artiste": "Cyndie Belhumeur", "organisation": "Vrac Environnement", "adresse": "parc Jarry, au Nord du parc à l’angle de la rue Esplanade", "annee": 2016, "programme_entente": "Programme d'art mural", "latitude": 45.534390, "longitude": -73.628554, "image": "http:\/\/depot.ville.montreal.qc.ca\/murales\/AtelierCultureVelo_CreditArrondissementVSMPE.jpg" }, "geometry": { "type": "Point", "coordinates": [ -73.6285544, 45.5343903 ] } },
    { "type": "Feature", "properties": { "id": 132, "fichier": "YQQ_Ruelle_Girard_1.jpg", "artiste": "A'Shop: Astro", "organisation": "Y’a QuelQu’un l’aut’bord du mur (YQQ)", "adresse": "1611-1615, avenue d’Orléans (dans la ruelle Girard, à l'arrière)", "annee": 2016, "programme_entente": "Programme d'art mural", "latitude": 45.547797, "longitude": -73.538655, "image": "http:\/\/depot.ville.montreal.qc.ca\/murales\/YQQ_Ruelle_Girard_1.jpg" }, "geometry": { "type": "Point", "coordinates": [ -73.538655, 45.547797 ] } },
    { "type": "Feature", "properties": { "id": 133, "fichier": "YQQ_Sansregret_nord_2.jpg", "artiste": "A'Shop: Fonki", "organisation": "Y’a QuelQu’un l’aut’bord du mur (YQQ)", "adresse": "2215-2217, rue Joliette (dans la ruelle Sansregret, à l'arrière)", "annee": 2016, "programme_entente": "Programme d'art mural", "latitude": 45.545889, "longitude": -73.547760, "image": "http:\/\/depot.ville.montreal.qc.ca\/murales\/YQQ_Sansregret_nord_2.jpg" }, "geometry": { "type": "Point", "coordinates": [ -73.54776, 45.545889 ] } },
    { "type": "Feature", "properties": { "id": 134, "fichier": "YQQ_Sansregret_sud_3.jpg", "artiste": "A'Shop: Doryan Rabilloud (Dodo Ose)", "organisation": "Y’a QuelQu’un l’aut’bord du mur (YQQ)", "adresse": "3607, rue Ontario Est (dans la ruelle Sansregret, à l'arrière)", "annee": 2016, "programme_entente": "Programme d'art mural", "latitude": 45.545404, "longitude": -73.545047, "image": "http:\/\/depot.ville.montreal.qc.ca\/murales\/YQQ_Sansregret_sud_3.jpg" }, "geometry": { "type": "Point", "coordinates": [ -73.545047, 45.545404 ] } },
    { "type": "Feature", "properties": { "id": 135, "fichier": "CyndieB-jadinbasilepatenaude.jpg", "artiste": "Cyndie Belhumeur", "organisation": "SODER", "adresse": "Jardin Basile-Patenaude (à l'arrière du 2535 Rue Masson)", "annee": 2016, "programme_entente": "Programme d'art mural", "latitude": 45.544242, "longitude": -73.578252, "image": "http:\/\/depot.ville.montreal.qc.ca\/murales\/CyndieB-jadinbasilepatenaude.jpg" }, "geometry": { "type": "Point", "coordinates": [ -73.578252, 45.544242 ] } },
    { "type": "Feature", "properties": { "id": 136, "fichier": "EllaPitr-soder.jpg", "artiste": "Ella & Pitr", "organisation": "SODER", "adresse": "1210, boulevard Rosemont (entrée de la ruelle)", "annee": 2016, "programme_entente": "Programme d'art mural", "latitude": 45.535951, "longitude": -73.593833, "image": "http:\/\/depot.ville.montreal.qc.ca\/murales\/EllaPitr-soder.jpg" }, "geometry": { "type": "Point", "coordinates": [ -73.593833, 45.535951 ] } },
    { "type": "Feature", "properties": { "id": 137, "fichier": "Mateo1-soder.jpg", "artiste": "Mateo", "organisation": "SODER", "adresse": "6905, rue Garnier (entrée de la ruelle)", "annee": 2016, "programme_entente": "Programme d'art mural", "latitude": 45.544543, "longitude": -73.604603, "image": "http:\/\/depot.ville.montreal.qc.ca\/murales\/Mateo1-soder.jpg" }, "geometry": { "type": "Point", "coordinates": [ -73.6046034, 45.5445427 ] } },
    { "type": "Feature", "properties": { "id": 138, "fichier": "Paulie-ruelleverte18ebourbonniere.jpg", "artiste": "Paulie Heart", "organisation": "SODER", "adresse": "5365, avenue Bourbonnière (entrée de la ruelle)", "annee": 2016, "programme_entente": "Programme d'art mural", "latitude": 45.556543, "longitude": -73.570543, "image": "http:\/\/depot.ville.montreal.qc.ca\/murales\/Paulie-ruelleverte18ebourbonniere.jpg" }, "geometry": { "type": "Point", "coordinates": [ -73.5705425, 45.5565426 ] } },
    { "type": "Feature", "properties": { "id": 139, "fichier": "04_AGC-Simon_Bachand.jpg", "artiste": "Simon Bachand (Stare)", "organisation": "Diffusion AGC Montréal (Artgang)", "adresse": "5700, boulevard Saint-Laurent", "annee": 2016, "programme_entente": "Programme d'art mural", "latitude": 45.526595, "longitude": -73.603110, "image": "http:\/\/depot.ville.montreal.qc.ca\/murales\/04_AGC-Simon_Bachand.jpg" }, "geometry": { "type": "Point", "coordinates": [ -73.6031095, 45.5265945 ] } },
    { "type": "Feature", "properties": { "id": 140, "fichier": "01_MU-Desbiens_Rouyere_creditsOlivierBousquet2.jpg", "artiste": "Dominique Desbiens et Bruno Rouyère", "organisation": "MU", "adresse": "19, avenue Laurier Ouest", "annee": 2016, "programme_entente": "Programme d'art mural", "latitude": 45.522522, "longitude": -73.593341, "image": "http:\/\/depot.ville.montreal.qc.ca\/murales\/01_MU-Desbiens_Rouyere_creditsOlivierBousquet2.jpg" }, "geometry": { "type": "Point", "coordinates": [ -73.5933407, 45.5225221 ] } },
    { "type": "Feature", "properties": { "id": 141, "fichier": "02_MU-Anne_Hamel_creditsOlivierBousquet1.jpg", "artiste": "Annie Hamel", "organisation": "MU", "adresse": "6654, rue Saint-Dominique", "annee": 2016, "programme_entente": "Programme d'art mural", "latitude": 45.531743, "longitude": -73.611979, "image": "http:\/\/depot.ville.montreal.qc.ca\/murales\/02_MU-Anne_Hamel_creditsOlivierBousquet1.jpg" }, "geometry": { "type": "Point", "coordinates": [ -73.6119791, 45.5317435 ] } },
    { "type": "Feature", "properties": { "id": 142, "fichier": "03_AGC-ElMac_Photo_Veronique_Duplain.jpg", "artiste": "Miles \"El Mac\" Gregor", "organisation": "Diffusion AGC Montréal (Artgang)", "adresse": "6206, rue Saint-Hubert", "annee": 2016, "programme_entente": "Programme d'art mural", "latitude": 45.534577, "longitude": -73.600136, "image": "http:\/\/depot.ville.montreal.qc.ca\/murales\/03_AGC-ElMac_Photo_Veronique_Duplain.jpg" }, "geometry": { "type": "Point", "coordinates": [ -73.600136, 45.534577 ] } }
  ]
}